2011-01-01	Headed home $fb
2011-01-03	Maybe it's just me, but at a $50B valuation I think I can find better investments than the pre-IPO Facebook $FB
2011-01-03	Report: Facebook Raises $500mil in Funding, Now Worth $50bil http://j.mp/fMR2vC »Me: Is 2ndary market trading setting pre-IPO valuation? $FB
2011-01-03	$GOOG has a market cap of $192B and $YHOO has a market cap of 21B, so I think to put $FB at $50B is seriously a stretch.
2011-01-03	Goldman Clients Jockey for Shot at Facebook Shares . Minimum $2 million investment. http://on.wsj.com/gSlbvx $GS $FB
2011-01-03	$FB valuation is insane, but still deserves a wow. Facebook is a US$2 billion dollar (more or less) business.
2011-01-03	@howardlindzon I think you meant in $fb
2011-01-04	RT @TheStalwart: fascinating that the private markets, sans financial data, basically nailed Goldman's valuation of it [re: Facebook]
2011-01-04	Most recent $FB valuation puts the company's P/E multiple at 100+. $GOOG is 24. $AAPL 22.
2011-01-04	@mathewi @TheStalwart or $FB used the private markets to stand firm in the negotiations. They have advisors too.
2011-01-05	Worth reading. He wrote the book on valuation. RT @AswathDamodaran: $GS invests $500 million is $FB worth $50 billion? http://bit.ly/gyzxTn
2011-01-05	In order to join the $gs + $fb fun, you need to have a Status Upgrade pass. http://bit.ly/i6xQBu
2011-01-05	Anybody putting $$ in FB at $50B val thru GS is a sucker.
2011-01-05	$VPRO L2 beautiful...next HOD is up: 0.035$! Let´s see it! $fb http://disclaim.it/f/8ck5
2011-01-05	@wayt Until some smart entrepreneur develops a system to short privately held firms valuations will continue into the stratosphere $GS $FB
2011-01-05	$VPRO L2 beautiful...next HOD is up: 0.035$! Let´s see it! $fb http://disclaim.it/f/8rqb
2011-01-06	@ReformedBroker The odds have gone way down, but I still say $FB should IPO to coincide with "The Social Network" Academy Award win.
2011-01-06	$GS customers have until Friday to commit to investing in $FB and until next Tuesday to wire money to the firm.http://http://reut.rs/gXDQSS
2011-01-06	Having said that about Facebook, if anyone wants to give me and @jamesproud $FB stock you know how to get in contact.
2011-01-07	I officially need a rather large libation which will help me calm down from this rather long and *interesting* day. $fb
2011-01-09	RT @thejoshuablog: Via @DailyKos: Flashback: Giffords on being on Palin's crosshairs target list http://bit.ly/gqpkeX | #p2 #p2b $fb
2011-01-09	@howardlindzon whomever shorts $Fb on their first day would lose. All the hype built up on that 1st day of trading will make the IPO explode
2011-01-09	@The_Anal_yst I'm still trying to diissect the structure of the $FB fund . I wonder if $GS split out a component to sell as a derivative
2011-01-10	The Legal Issues in the Goldman-Facebook Deal http://nyti.ms/fsB1fy $GS $FB
2011-01-10	its weird that everyone is starting to talk about pumping money into $FB and i'm just starting to totally hate it,i will have to delete soon
2011-01-11	@LaurenLaCapra I'm not sure where to start with the $GS disclosure. Will this include the magic $FB fund, or the puppy mills they IPO
2011-01-11	Am I the only one who sees irony in this?: Lauren ---> RT @Reuters_Biz: Goldman to disclose more to investors: source http://dlvr.it/D3v2W
2011-01-11	donde kedo el ingenio de los productores?,lo olvidaba no tienen una pisca de creatividad ...sigan piratiando programas de la kompetencia $fb
2011-01-12	RT: @LosChistes:Nueva promoción de Microsoft:Con tu Windows7 de regalo 3 botones de RESET de repuesto by @Gorge1010 #ChisteInformatico $fb
2011-01-12	RT @uolifer: Checking out "An Evening With Eric Roberson and Friends" on Soul Commune: http://ning.it/dNNubI $fb
2011-01-12	$fb problems anyone? @dutweets
2011-01-13	as a former mid-level employee, applying for intern positions breaks my heart #happy2011 $fb
2011-01-13	CWRN I mean $fb http://disclaim.it/f/8rqb
2011-01-13	CWRN I mean $fb http://disclaim.it/f/8ck5
2011-01-13	Pekin Live is up on $FB an running!!!!Word lol
2011-01-14	If Facebook does ever go public, what should its ticker symbol be? $FACE is already taken. But $BOOK, $FB & FBOK available. So is $ZUCK.
2011-01-14	There is only 1 YOU so be that person fully, the world is waiting for your unique soul song signature to play out loud & clear! $fb #li
2011-01-14	we begin m-fri lunch next week! boar's head meat/cheese, artisan bread, organic produce. $10 adult happy meal: sandwich/chips/drink $FB
2011-01-14	Tonight we're gonna be talking about Brett Favre's sister & i got the keys 2 the kingdom on A-Why 66% of US=fat B-How gyms can make $ $fb
2011-01-15	#NowPlaying ♪ Webbie - Gutta Bitch - Savage Life - #TweetNP #OfMyEvo. $Fb
2011-01-17	@ruv : e.g. their realisation of the future importance of specific IT components and the squeezing out of $GooG / $FB - a deliberate ploy.
2011-01-18	Perspective: Apple is sitting on a pile of CASH that is 30 x Facebook's revenue. $AAPL $FB
2011-01-18	“@onlinenomad: Facebook’s Ad Revenue Hit $1.86B for 2010 http://bit.ly/dOtPkV” $FB
2011-01-18	Motion Design Census 2010. Salaries, hours, rates etc Not looking great for compositors, animators, or rotoscopers. http://bit.ly/gUt6Pl $fb
2011-01-19	“@CampusSplash: Taking the AP Test? Big Changes for Advanced Placement Tests by @AllenGannett http://campussplash.com/big-advanced-placement-tests/… via @campussplash” $fb
2011-01-20	These are the best if you are in the lighting industry: http://xtranormal.com/watch/8142999/ AND http://xtranormal.com/watch/8267527/ $fb
2011-01-20	why is it so expensive to add Visa pages to a passport? $82 seems a bit excessive. $fb
2011-01-21	The Clock Is Set For A #Facebook IPO By April, 2012 http://tcrn.ch/i0OLGA via @techcrunch $FB
2011-01-21	One of my favorite Flying Lotus tracks @hypem http://hypem.com/item/bda9 $fb
2011-01-21	f#%k that's a lot of money RT @TechCrunch: Facebook Raises $1.5 Billion At $50 Billion Valuation http://tcrn.ch/ebMgqZ by @leenarao
2011-01-21	@sliggity well it's not like $GS wasn't going to sell all of its $FB inventory...
2011-01-22	(BLOG) Facebook to unveil financials, raises $1.5 billion http://psyng.com/u/CxjKKI1v $GS $FB
2011-01-23	@RobTyrie but that's my point. It's time giants figure it out! All the powerful social learning tools + engineering stuff - give it to kids!
2011-01-23	@Idit giants clearly state they exist for profit. $FB and $Goog are fab ad co's that pay tax. Educational inst must stand on their own.
2011-01-24	RT @SanjayPat: #dld2011 $FB & $GOOG taking us back 2 analog-use frequency & connection << "Sentiment Amplitudes" & "Context Resonance" next?
2011-01-24	Pittsburgh #Steelers are Super Bowl-bound, baby! $fb
2011-01-25	You know what Windows does way frickin' better then OS X? Playing nice with the other system's network drives. $fb
2011-01-25	@SofiiaRa $fb #tw #msn o q? tu dime jajaj yo ya pasee por esoo creoo q t podre ayudar
2011-01-25	@trejo1193 aawe tienes razon muchas gracias (: y si la verdad necesito de tu cocowash en esstos momentooss!!!!!!!
2011-01-25	NGO Islam gesa Soi Lek, Kuan Yew tidak campuri hal Islam | PERKASA: http://www.pribumiperkasa.com/?p=4380 via @addthis $fb
2011-01-27	Excited for my trip to the Bay Area, save for the fact that CA spends $225k / yr / juvenile d while Oakland spends $5k per student. $fb
2011-01-27	just when I didn't think $NFLX could go any higher it pops +15% in a single day. good lord. if it wasn't overpriced before it is now
2011-01-27	@znbailey What? 80x P/E too much? $NFLX Wait for $FB with 200-400x P/E
2011-01-28	buying 2,000 shares of Facebook and LinkedIn http://ow.ly/3LZ4O #IPO $FB $LNKDN
2011-01-28	Nothing makes me happier than to watch skinny people get fat. $fb
2011-01-28	I'm in Busan~! South Korea~! ...... it's really Cool! ... ^_^ ... see photos on my facebook album!!! $fb
2011-01-29	RT @matttje: NF @xDjeer_ / Welcome, $FB
2011-01-30	We're really not a very curious people. A Golden Age of Foreign #Films, Mostly Unseen - http://nyti.ms/hm8uYb $fb
2011-01-31	Obama caves on Monsanto's GMO alfalfa, tell him No way! http://bit.ly/nowayO @food_democracy Please RT $fb
2011-02-01	@makoto_au_japon #Japan - #H5N1 confirmed in 2 wild birds in Tottori prefecture http://tinyurl.com/4uuvnzw $fb
2011-02-02	동생이 큰거 보는데 화장실 문을 안닫았다. 순간 스멜이 밀려와서 화딱지가 낫고. 난 욕을 퍼부엇다 "문닫아 이 난지 하수처리장 같은 놈아! 강변북로 같은놈!" $FB
2011-02-02	Mujeres que piden pollones xD $fb
2011-02-03	Why do half of the pluralizations in French sound the same as their singulars? This is a silly language indeed. $fb
2011-02-04	Man, it was a wild ride into work this morning! I might even say it was, a Monster Commute? http://bit.ly/dILsXm $fb
2011-02-04	were we born to run? http://bit.ly/eBoWz2 (via ted.com) $fb
2011-02-04	AFP: US assures that EG army won't fire on protesters. Such a relief! Wait, why should the US give assurances re: #Egypt army?! #jan25 $fb
2011-02-05	$fb = str_replace('the','our','The Open Graph protocol enables you to integrate your Web pages into the social graph') http://j.mp/ifxle1
2011-02-08	Holy crap!! I just watched "social network" the Zuckerberg story; Solid flick. :-) but they made it clear he was a prick, hehee $fb #fb
2011-02-08	VIDEO TED: Uma vida com propósito, de Rick Warren - http://bit.ly/eBQ11m - #ted #motivação #inspiração $fb
2011-02-10	Can't wait for summer. Summer, by the way, doesn't suck. $fb
2011-02-14	Deadline Feb.15 - Popular Culture and Urban Space in Africa (Africa Issue of The Int'l Journal of Sport) http://writersafrika.blogspot.com/2011/01/call-for-submissions-sport-city-popular.html… $fb
2011-02-14	super contento con todo los nuevos proyectos!!! excelentee!! $fb
2011-02-16	Hey, Das Geht Ab! $fb
2011-02-16	solos, solos, solos, solitos y solos... $FB
2011-02-18	Aangekomen in onderkomen bij WK alpine en lees: Bell Berghuis 7e bij WC snowboardcross in Stoneham, topprestatie! #snowboard #nskiv #in $fb
2011-02-18	Obama Talked R&D With Apple, Facebook http://on.wsj.com/ebPrgN $AAPL $GOOG $ORCL $YHOO......IPO coming soon: $FB $TWIT
2011-02-18	$GLUU & $COOL - social media = BOOM. Awaiting $FB IPO for Launch :)
2011-02-19	had a cornbeef sandwich at 9am and then on to a great army surplus store. that's what I call a good day. $fb
2011-02-19	like this tweet:"$GLUU & $COOL - social media = BOOM. Awaiting $FB IPO for Launch"...I'm still long $COOL
2011-02-19	GOOOOOOOOOOOOOLAAAAAAAAAAAAAAAAZOOOOOOOOOOOOOOOOOOOO PORTGUEISINHO!!!!!!!!!!!!!!!! $fb
2011-02-21	Being on a tour bus is pretty much exactly like being on a pirate ship. Minus the wood leg and eye patch. $fb
2011-02-24	Going to Paradise; the office is closed for normal operation; moving day today and tomorrow; telephones will be reconnected on Tuesday $fb
2011-02-25	Infinite loop in Facebook Application: Replace this line $fb_user_id = $facebook->require_login();to $fb_user_id = $fa http://bit.ly/fCkKUB
2011-02-26	ohhhh can't you see you belong to me, how my poor heart aches with every step you take #viña2011 $fb
2011-02-26	Te pido dime, ¿quien en este mundo te ha querido mas que yo? $Fb
2011-02-27	$fb RT @smitf_london Thanks! // Fancy coffee or brekkie in a crypt? A wonderful find hidden beneath St Marti… (cont) http://deck.ly/~o1jfm
2011-02-28	Inception merecía más, pero con los premios ganados se conforma. Eso no le quita la excelente historia $fb
2011-02-28	I just entered to win 500 business cards from @bkmacdaddy & @allbusinesscard! You can too! http://bit.ly/fJYm9y via @bkmacdaddy $fb
2011-03-01	#Tattoosday Face tatts are so in season. Gucci's mom? http://ow.ly/i/8GFt. Check the rest on http://www.tittsworth.com. $FB
2011-03-01	Its good too see one affiliate network pays me today. How much money i loose because of the this change #mmo $fb #affiliate @PayPal #money
2011-03-03	vee ahorita veo que hace rato le mande el add friend de $FB a @NataliaDeLaV y aun no me ha respondido
2011-03-03	Facebook poaches top Microsoft exec, Ballmer angry. http://read.bi/fy4NwC $FB $MSFT
2011-03-04	It's verapamil that I'm trying. Apparently also has promise for malaria WHY AM I ALWAYS GIVEN MALARIA DRUGS? #superantimalariapower $fb
2011-03-08	@Nicole_asdasd Si Marica una chama que tengo como amiga en $Fb escribio en su album Carnabal jajajajaj me meoooo
2011-03-08	--on $FB .
2011-03-09	This is very cute. Unique Ways Kids Can Earn Money (via @walletpopper) http://ht.ly/4aBDu #li $fb
2011-03-09	BUENOS DIAS AFICION VERDOLAGA $fb
2011-03-10	Solar-Powered Wireless Keyboard Is a Sunny Delight-Wired.com http://wired.com/reviews/2011/03/logitech-solar-keys/… $fb
2011-03-11	RT @PixelProject If you are in Malaysia and need help re domestic violence, contact Women's Aid Organisation's helpline at 03 7956 3488 $fb
2011-03-11	Toma posse novo procurrador geral de justiça de Goiás. Os detalhes estão no Jornal Anhanguera Segunda Edição $FB
2011-03-12	Stop keeping the greatest batsman in the world OFF strike! stop it! #$%#$%#$% $fb
2011-03-12	@Johnnytheowl I think that is the mission of every soul on Earth -- to seek & find their destiny. I believe in Fate as well as Destiny. $fb
2011-03-12	"You got the wrong tv silly head" This lil' girl cracks me up! LOL Best Buy® Buy Back #tvad: Outdated World http://youtube.com/watch?v=eZAAZ7iXN-o… #in $fb
2011-03-17	Holy shit! More Mistborn on the way! http://www.tor.com/blogs/2011/03/mistborn-the-alloy-of-law-cover-a-details-emerge $fb
2011-03-17	@mathewi see, i'm on the other side of that. i hate that today, i hit enter and instead of a newline, it sent my message unfinished. $FB
2011-03-17	@christianbusch $FB buys ads in $GOOG gmail to test pricing levels. I'm sure they don't just buy "Facebook" keywords either.
2011-03-17	Why is Facebook buying ads in Gmail?: http://bit.ly/gdtYHd
2011-03-17	my daughter is excited that Facebook now lets you comment by hitting enter instead of having to click "comment" #itsthelittlethings
2011-03-17	My take on #F1 season 2011? If the W02 is at all competitive, look for Brawn to maximise strategy. He's the master. Thanks Pirelli. $fb
2011-03-18	RT @yungboikortny Love Dont Cost A Thing , movie go hard ! $fb <--- you the only one that thinks that though O_O
2011-03-20	Ughh tell me about it! It weighs u down! RT @teracarissa Stop trying to "get ppl back," and just get moving! #MoveOn with your life! $fb
2011-03-21	Do amateurs once/yr on roof like boxing night at @MilwAthleticClb RT @MilwAptFinders: UFC might come to Milwaukee http://bit.ly/fazSJa $fb
2011-03-23	testing fb @fb *fb $fb$ %fb% "fb"
2011-03-25	gaaaaaaah....me want 3DS :(( $fb
2011-03-27	Gold Pan Nugget Room for breakfast...yum!! $fb
2011-03-28	hahaa another NS Maid photo - http://www.facebook.com/photo.php?fbid=157635357628874&set=a.157635350962208.33818.153236281402115&ref=nf $fb
2011-03-29	Far to many things competing for may attention. $fb
2011-03-29	I'm levitating and I'm warm! $fb
2011-03-29	Michael answered Coke or Pepsi? with Pepsi. $fb -> this must be something new on #fb... this could get ugly if you ask the wrong shit lol
2011-03-31	@Alejosmiith si decime ome #ConConfianza ;)
2011-03-31	@LipaoC vi tu perfil en $fb o el inicio y sorpresa amigos en comun Yulita Tiuso, haa ella fue interna mia :D
2011-04-01	...and I'm talking some nice brand names like Ralph Lauren, & English Laundry, even found an armani print T for $30! :O $fb
2011-04-01	RT @john_frankel: The Rise of the “Second Internet” and What It Means http://bit.ly/huptP7 #amazinganalysis $FB $234,000,000,000 - THX
2011-04-02	RT @ethicalme: RT @timesofindia: India win the Cricket World Cup 2011. The Cup comes home after 28 years. Congratulations Team India $fb
2011-04-02	VCU VCU VCU VCU VCU!!!! $fb
2011-04-02	Escribiendo introspectivamente, buena forma de pasar un viernes :P $fb
2011-04-02	Gallery Walk tonite in PT beginning at 5:30 pm. Lots of fab new art to enjoy & take home with you. Have drinks & dinner downtown/uptown. $fb
2011-04-04	#OfertaDelDía: Diviértete a la mitad del Pacífico Mexicano con Ocean Star Cruises. 5 Noches+ Alimentos+ Transportación Terrestre $9,999 $fb
2011-04-04	Currently Browsing: http://is.gd/U3eGwX Banks, credit-card issuers warn of email breach $fb
2011-04-05	cuma itu kwa nape karja wkwk $fb RT @marvilkolang: ah , main dota jo te -_-
2011-04-05	ketersinggungan kekitaan wkek :p $fb RT @ithoy_scrow: haiizz..io" dang..nda katu eehh..cmn bkusdu..:) RT @tzaaaaa_: ta so nya mo kakasana j
2011-04-05	tag sandiri :p $fb RT @ShinJooChan16: tag dunkk pa qt.. RT @tzaaaaa_: lia jo pa tpe profil. yang pasti nda da pa ng tu foto tudia #fb RT @S
2011-04-05	아- 그러고 보니, 오늘 정말 식목일이군요... 공휴일이 아니니 기억도 못하는 이런 사태가.. OTL.. 집에 갈때 화분이라도 하나 사갈까..? (식목 아님?) $fb
2011-04-07	hahaha a gente só escuta a torcida do Nacional e o narrador da Globo diz "A torcida do Nacional se cala" WTF?!!?! $fb
2011-04-08	But see there will be times, when i will just take aim' and let fly! so to speak, i've always been opinionated $fb
2011-04-09	Chipper Jones 2500 hits FTW!!!!! $fb
2011-04-11	Got Home from heavenly Hana. Wonderfully refreshing trip. No TV. No laptop. Just down time, hikes and good freinds. Now back to work. $fb
2011-04-12	Bring on Barca we'll sort em $fb
2011-04-12	#technews Priceline.com founder Walker Digital aims 15 patent suits, target tech giants $APPL, $MSFT, $GOOG and $FB http://bit.ly/gehBaP
2011-04-12	The deal $MSFT made with $FB could let Bing stick it to $GOOG for Bing integration.
2011-04-12	Says He Owns 50% Of Facebook Just Filed New Evidence http://read.bi/gqIHNj - if $FB deals w/ $BIDU, i wonder if this will affect its stocks
2011-04-13	This is way too close to the truth! http://bit.ly/fZGpKN #procrastination $fb
2011-04-14	"@Voice_TV: หัวหน้าสำนักงานอุตุนิยมวิทยาของญี่ปุ่น คาดอาจเกิดอาฟเตอร์ช็อก 8 ริกเตอร์อีกครั้ง http://bit.ly/gYZXXg #VoiceBRK" $fb
2011-04-14	Saturday, 4/16 "Easter Bunny Savings" at Sunshine Resale Shop, 25% off purses & shoes; 50% off toys, games & puzzles 5407 Bellaire Blvd $fb
2011-04-16	360 reviews are tough but so necessary! Start each day by asking your loved one's..."what do you need from me" $fb
2011-04-16	¿Y dónde está San Fernando? | Animal Politico http://animalpolitico.com/2011/04/%c2%bfy-donde-esta-san-fernando/… vía @pajaropolitico $fb
2011-04-18	Face-off! RT (China's) $GOOG ($BIDU), $AMZN ($DANG), Twitter ($SINA), YouTube ($YOKU) list in US - China's $FB Renren ($RENN) filed IPO Fri"
2011-04-19	T-mobile customer service is now cold and grumpy! I wonder if it's because AT&T purchased T-mobile... :-/ $fb
2011-04-21	Growly Notes Brings OneNote-Like Note-Taking To Mac http://lifehac.kr/ea2mgz I've been waiting for OneNote for Mac; will this suffice? $fb
2011-04-23	Confessions of a "liberal media" editor... http://bit.ly/gEztU7 $fb
2011-04-23	ตื่นแล้ว เผลอหลับซะงั้นเหอะๆ อดไปสยามแม่มมมม  $fb
2011-04-25	Ryan Phillippe says in plans to quit acting in movies. Which begs the question: Can you quit something you haven’t done in 5 years? $fb
2011-04-25	CLICK YUH FINGERS GYAL WANT TO ROLL WITH ME... TUNE IN POWER 105.1FM, "ANYTHING GOES" 8-10PM LEGGGOOOOOO $fb
2011-04-26	Oh nana nana♪♫ $fb
2011-04-27	RT @100WAPI: You know it's bad when @spann reports a 17.5 tornado signature, then says he thought the scale was 1-10. #alwx $fb
2011-04-27	Special prosecutors in State's Attorney Lou Bianchi probe want judge disqualified from case over 'conflict' http://shawurl.com/uk $fb
2011-04-27	Wow... there are smart people left, usually you can find them on the logical side fighting bleeding heart BS. #wow #hope #better #day $fb
2011-04-27	Tornado that hit Tuscaloosa is headed for Birmingham. Strong debris ball. $fb http://twitpic.com/4qaczt
2011-04-29	@jadorepari @JessBeBeauty That pussy thought we were lying until we rolled that beautiful bean footage!! CTFU!!!! 
2011-04-29	@MajorHawtness @jadorepari yesss! I miss our collabos wit $FB$
2011-05-02	My heart is so happy! I hope it's a success! #angr $fb
2011-05-06	Buenas noches :D $FB
2011-05-06	RT @Marcelo_elmago: Buenas noches :D $FB (// buenas noches :D
2011-05-08	Boa noite pra quem fica!!!! Até manhã $FB
2011-05-09	My bandwidth for caring is completely over utilized. $fb
2011-05-10	Some days, you've just got to accept that it's beautiful out. http://ow.ly/4QR3m $fb
2011-05-11	GIVEAWAYS FRIDAY MAY 27TH FLAT SCREEN GIVEAWAY AND MORE. $fb
2011-05-11	GIVEAWAYS FRIDAY MAY 27TH @ CLUB RIDDIMS ..IWAYNE LIVE IN CONCERT @ MORE $fb
2011-05-12	@juaner_14 Jajajajajjajajajajaja Creo q sus saludos fueron muy acertados! XD, no es tan gracioso ¬¬ xD
2011-05-12	@CoriGuardado jajajajajajajaja! si si lo es x'D hablale a esos crts vos :O usa tu BB para algo bueno, ademas de $fb y #twitter X'DDDD
2011-05-13	...in the United Arab Emirates. I was thinking that was the surprise stop, but wasn't sure. Now I am! It WASN'T. Thanks you guys!!! $fb
2011-05-13	Is this english? RT @DjSpaSy: I've never been on this cloud before. Tt's so high. $fb
2011-05-13	My point exactly, then my phone died RT @AmorVsDinero: Is this english? RT @DjSpaSy: I've never been on this cloud before. Tt's so high. $fb
2011-05-13	I've never been on this cloud before. Tt's so high. $fb
2011-05-14	TONIGHT CLUB RIDDIMS 13th Year ANNIVERSARY CONTINUES TONIGHT. $fb
2011-05-18	si mintiendo te das color, vos sos todo un cuadro ;) $fb
2011-05-18	@hblodget some twitter engineers are going to have liquidity envy on $LNKD. Looking forward to $YELP $FB and $TWTR by end of 2012
2011-05-18	$FB @VoNbaBii23 ayyyee I heard dat new shit sis! Kbaby just came thru wit them bangerrrss
2011-05-19	Twitter / Klever Loza: Scores!!!! Bieksa makes it ... http://me.lt/6khoU $fb
2011-05-19	Wish i could? 15 Killer Offices by Tech Companies | Nerd Business Blog http://bit.ly/h4kw9U $fb
2011-05-19	Guess $LNKD isn't really overvalued... if you only compare it to $YOKU and ignore the potential $FB... http://bit.ly/kBw5qR
2011-05-20	a shame if what I'm reading about $$ is true! Hate that he's having such trouble with the @IndyCar's & hope he's not quitting #nascar $fb
2011-05-22	RT @ifilosofia: ¿Cuál es el primer deber del hombre? La respuesta es muy breve: ser uno mismo. Henrik Johan Ibsen $fb
2011-05-23	Gang of Six Deficit Fighting Group Collapses — Will Congress Destroy Our Country Over Politics? http://ow.ly/50y9x $fb
2011-05-23	bachatiando yo soy el pipe :$ $fb
2011-05-24	NCL Freestyle Dash Sale! Thru Friday get up to $250 onboard credit PLUS 50% reduced deposit on select sailings. Call your travel agent. $fb
2011-05-24	Poster for my next Independent Horror Film GHOUL SOCIETY hit the $FB page as well http://www.facebook.com/ghoulsoc http://twitpic.com/51xwrj
2011-05-26	RT @FaktanyaAku #FaktanyaAku tak ingin kehilanganmu, karena sejak pertama kita bertemu, kamu tak pernah gagal membuat senyum di wajahku. $FB
2011-05-26	#twitter i $Fb:$
2011-05-31	RT @giz_au: ASUS' UX21 Matches MacBook Air's Sizes, Scorches Its Specs http://bit.ly/kvssdU $fb
2011-06-01	It's been seven days since my last post but nonetheless, here it is: http://ow.ly/57hII $fb
2011-06-01	Gorgeous RT @adoniramsides: It's been seven days since my last post but nonetheless, here it is: http://ow.ly/57hII $fb
2011-06-01	Oscar update: Ultrasound revealed nothing, blood tests were "perfect;" he's having some GI tests sent to TX. (con't) $fb
2011-06-02	on the hour every hour! nudoknowdiz! mayne! 1000, MORE FO' US music @STONYDANZA $FB M$Kalldizay!
2011-06-02	@julpepitone I still think that Facebook has some decent options. $BOOK, $FB, $LIKE & $POKE would all work. Of course, there's always $ZUCK.
2011-06-04	WSJ.com - Acer Reviewing Inventory Strategy http://on.wsj.com/iP3tpw Acer taking $150m charge due to low demand in southern europe $fb
2011-06-06	$APPL just screwed $FB but integrating twitter directly into the OS.
2011-06-07	RT @Jacobaa_: @Takayna_TAYY #NF | $fb xx
2011-06-07	GOOOOAAAALLLLLL NUMBER 2!!!! HERE WE GO NOWWWWW!! $fb
2011-06-09	$subs $qtd $foo $bar $nm $fb $tt $i $k.... Quem nomeia variável desse jeito, merece ficar de joelho no milho... #php
2011-06-09	When it rains, it pours. $fb
2011-06-11	British GQ has an 'Erotic Affairs Editor'. I want her job! $fb
2011-06-13	Mietras miraba mis videos, los que aun no estan en Youtube, y si me doy miedo a mi mismo. Me dieron escalofrios y mas ahorita e la noche $fb
2011-06-14	@miquelcarol estoy montando un botton de fb para drupal, ya veremos si puedes re-usar algo para tu chupi-proyecto.
2011-06-14	@oskarcalvo solo es una opinión, todo lo q no sea un print $fb_button, será un modulo de uso privado. Lo digo por exp
2011-06-15	$P first day of trading was not quite the same as $LNKD. I bet $FACE or $BOOK or $FB or $FCBK will be pretty crazy though.
2011-06-15	Yet another 'bubble' definition... $GRPN $LNKD $FB etc... @juliejohnsson Pandora is valued at $2.6b? Who knew free music was worth so much.
2011-06-15	Pandora is valued at $2.6b? Who knew free music was worth so much.
2011-06-16	ได้จอคอมและ สบายใจจัง $FB
2011-06-17	bueno que no lo digo por mi por el pobre ser humano que ahora yace pricionero por su propia desicion $fb #Fb
2011-06-17	Yikes... Really dark outside.... This doesn't look good... $fb
2011-06-17	#mafiawars #mobwar- One Pocket of V High Employment Demand Great Infographic via $GOOG $FB... http://stk.ly/jcc6En , http://bit.ly/mgp1
2011-06-17	Ha ha Isner Mahut the rematch $fb
2011-06-17	bueno que no lo digo por mi por el pobre cerumano que ahora yace pricionero por su propia desicion $fb #Fb.via @... http://bit.ly/iu7WEB
2011-06-19	@kknezovich $FB Facebook lost 6M US users in May, would be interesting to see real #'s, as in publications or sign-ups its always bigger
2011-06-19	SEVERE T-STORM WARNING for Callaway, Cole and Moniteau counties until 9:15pm. http://twitpic.com/5djyss $fb
2011-06-20	Just got my VIP tickets (& my ticker: IdeaJ ) to @chrispirillos Empire Ave event Wens. #EAv @sarahlane $FB #Seattle http://bit.ly/mm6Sdb
2011-06-22	Looked at getting an Audible account for "Go the Fuck to Sleep" but saw their monthly pricing and said "Go the Fuck to Hell" $fb
2011-06-25	Make it a priority to sign up for this weekend at www.actualgains.com . We will provide additional info on $FB… (cont) http://deck.ly/~gbgVI
2011-06-25	rjjCx$xc$ccb$ccn cxchcx$b $bnd$ldsd$db $fb$dfbn$dbl$fgkglhxlfhkdxhdlccflf http://twitpic.com/5gro6m
2011-06-26	RT @BobBrinker: Greece should just buy $FB Facebook already .. solve all their problems.
2011-06-27	@birifmenezes vai ver é $fb = inotify_init(); haha
2011-06-27	i wish pple on $FB would shutup about the BET Awards every sec
2011-06-28	I'm going to finish this chapter, and then, I feel like a little True Blood tonight. I'm thinkin' to check out Game of Thrones as well. $fb
2011-06-29	The reason you use "service httpd reload" instead of "service httpd restart" on live production servers: $fb http://yfrog.com/kecbpp
2011-06-30	Obama não respeitará limite de caracteres de um tuíte - http://is.gd/UvZzkv Oxi, o que esse cara tem que nós não temos ? $fb
2011-07-01	#deboconfesar q cada vez ke t cuenteo ya sea por el $fb o por cel es pore ando a verga :$
2011-07-01	Google+ turned off invites all those who in (as far as I know & can see myself). You have to wait until Google bestows us power again. $fb
2011-07-01	#Facebook #PHP #SDK doesn't work anymore? $fb->getUSer() return 0. What the ***** !!
2011-07-02	Esta chida la morra k esta al lado mio :p $fb
2011-07-02	Wedding day in LA at the Walt Disney Concert Hall, @mareefrances and I are about to throw down. $fb
2011-07-03	RT @MiguelTorresMMA Wand looks like Lionel from the Thunder Cats, Leban could be Mumra if he was a little more evil, just saying. $fb
2011-07-03	RT @blogundweiss: $fb $fb04 Heute auf blogundweiss.de: 12 - Peer Kluge: Die Fleißbiene http://blogundweiss.de/2011/07/03/12-peer-klug...
2011-07-04	it has to be good, all I do is call $fb->getLogoutUrl(); just like in the examples :-/ oh well.
2011-07-05	RT @kosh_ac: #alemannia hilft „Menschen helfen Menschen“ 05.07.2011 http://bit.ly/kR1Md1 $Aachen $Social $fb
2011-07-06	Twit.tv/live is running the LIVE super VIP Facebook Announcement w/ commentary to explain what the hell #Zuckerberg is try to say. $FB $lnkd
2011-07-06	RT @tipalemar: Nun ist es also so weit! Keiner will mehr gegen uns spielen... http://bit.ly/peNTRh #eintracht $fb
2011-07-07	RT @blogundweiss: Dabei ist der Supercup noch so lange hin... http://goo.gl/pWjb3 $metzelder #s04 $derby $fb
2011-07-07	Got my #google+ invite last night. I love it! Makes $FB look like it was made w/ crayola. Problem is I have no friends. #plusme gurucoffee
2011-07-07	RT @blogundweiss: Das System von Innen zerstören! Ein Fuchs, dieser $Manü #s04 $fcb $neuer $fb http://goo.gl/KzFa7
2011-07-07	RT RT @blogundweiss: Das System von Innen zerstören! Ein Fuchs, dieser $Manü #s04 $fcb $neuer $fb http://goo.gl/KzFa7 http://bit.ly/nQkduz
2011-07-07	RT @pand0r: Da komm ich im $h96 Trikot aus dem Hbf und dann steht da ne HSV-Jugend, oder so. :D #hsv $fb
2011-07-07	RT @pand0r: Da komm ich im #h96 Trikot aus dem Hbf und dann steht da ne HSV-Jugend, oder so. :D $hsv $fb
2011-07-08	Countdown resumed. T-8.5 minutes. #sts135 $fb
2011-07-08	RT @kosh_ac: #alemannia-$Aachen - Ein Drecksack? Vielleicht. 08.07.2011 http://bit.ly/nOhsVt $fb
2011-07-08	RT @kosh_ac: #alemannia-$Aachen - «Da muss jetzt was von Benny kommen» http://www.az-web.de/sport/alemannia-detail-az/1742496 $fb
2011-07-08	Every friend you refer in our $FB contest means $1 for cleft lip surgery. Please #HelpAnnie and #operationasmile : http://on.fb.me/mivaBX
2011-07-08	*throws $$ out of window* mo money mo problems $fb
2011-07-09	RT @grimmbo: Giovanne elber hat mir auf seinem iPhone gerade seine lieblingskuh gezeigt... #fcbayern $fb
2011-07-10	See ya at the 11:15 RT @swinterhalter: A great day planned for @MarsHillBEL tomorrow. Services at 9:00a|11:15a|5:00p. #GonnaGetMySingOn $fb
2011-07-11	RT @kosh_ac: #alemannia-$Aachen - „Schwarz-Gelb trage ich gerne weiter“ 11.07.2011 http://bit.ly/mZjqqm $fb
2011-07-11	RT @adlerblog: Ist jemand morgen beim training, um die amanatidis show zu sehen? #eintracht $fb
2011-07-11	President Obama to the Republicans, "you talked all that ish about reducing the deficit, sold wolf tickets, but you ain't ish" $fb
2011-07-11	RT @ment0r: Am 12.07, 19.07, vllt am 20.7 und am 23.07 kann man die Testspiel des #bvb im Tv sehen. :) $fb
2011-07-11	RT @plel: Hä? RT @die_eintracht: RT @wutti Ich liebe diesen Verein http://eintracht.com/magazin/artikel.php?artikel=17949&type=2&menuid=113&topmenu=2… $BTSV #eintracht $fb: Ich liebe diesen Verein
2011-07-12	RT @stocial: The Real Evolution - $GOOG, $FBOOK, $TWIT, $FB, #GOOG, #FBOOK, #TWIT, #FB, #Facebook, #Google, #T… (cont) http://deck.ly/~X1AjB
2011-07-12	RT @elisasdottir: So, letzter Termin für heute vorbei. Jetzt geht's zum Testspiel TuRU gegen Fortuna! $turu #f95 $duesseldorf $fb
2011-07-12	Tff ve $fb emriyle galatasaray'a karsi aciklama yapanlarin tamami taraftarindan kopuktur, girin taraftar forumlarinizi okuyun da utanin
2011-07-13	RT @holgerka75: Pogrebnyak, hm? Naja, zumindest keine Niederlage... #vfb $fb
2011-07-13	Well said Thomas! The Start-Up of You - new new economy and job market http://nyti.ms/nfHWjf $ZYNGA $FB $LNKD
2011-07-13	RT @clubfans_united: Andy Wolfs getragene Trainingshose zu verkaufen. Das erklärt einiges. http://on.fb.me/nhwx6e #fcn $fb $svw $ironie
2011-07-14	RT @FCZTigers: Reisen mit den Tigers #fcz, #fczuerich, $fb http://tinyurl.com/3u54lqt
2011-07-14	RT @FCZTigers: Tigersflash 01-11 #fcz, #fczuerich, $fb http://tinyurl.com/66ggu5q
2011-07-14	RT @kosh_ac: #alemannia-$Aachen - Endlich wieder Vollmilch 14.07.2011 http://bit.ly/oZ427H $fb
2011-07-15	A10 lining up to practice @XH558 is on her way #RIAT $fb
2011-07-15	RT @_fcsp: Nur noch einmal schlafen, dann gibt's wieder Hells Bells :) #fcsp $fb via @drachenschweif: Nur noch einmal schla... http:/...
2011-07-15	RT @robert_wiesner: Von $Dortmund nach $Scheiße #s04 http://maps.google.de/maps?saddr=Dortmund&daddr=Schei%C3%9Fe&hl=de&ie=UTF8&sll=51.512054,7.463573&sspn=0.322635,0.617294&geocode=FfYCEgMdleJxACkRevC_YBe5RzFQh1QxgfInBA%3BFSS8EgMdCMNrACHej_EYCW22wykrJUtr4-W4RzEG-hWm1IQT5g&mra=ls&t=h&z=11… thx an @saschakrinke $fb
2011-07-15	RT @pihalbe: “@Sancho_P: Wow, DAS hätte ich der #eintracht nicht zugetraut, sie haben tatsächlich das Spiel gedreht! :))))) $fb”
2011-07-15	RT @atomaffe: Zu Google Maps gehen, eine Route mit dem Ziel "scheiße" planen und vom Ergebnis überraschen lassen. #s04$ bvb $turnhalle $fb
2011-07-16	RT @FCZTigers: Spielplan 2011/12 #fcz, #fczuerich, $fb http://tinyurl.com/667zgfq
2011-07-16	RT @kreisrot: Und auch diesmal gab's für die #alemannia gegen Aue mal wieder lecker Kaffee und Pustekuchen. $fb
2011-07-16	RT @kosh_ac: #alemannia-$Aachen - Start für Alemannia-Talk http://www.an-online.de/lokales/euregio-detail-an/1753273 $fb
2011-07-16	RT @justus1975: Ich weiß ich bin spät, aber das ist mal ein guter Start in der zweiten Liga #fcsp $fb
2011-07-16	RT @tobygoesDUS: Schlimmer als Weihnachten: nich zwei mal schlafen, dann ist endlich wieder Fortuna! $fb #f95
2011-07-16	Treinando Redes Neurais (RNAs) no LabRoM. Já coloquei 160 RNAs com previsão de término para meia noite. Porém ainda vai faltar 240 RNAs $fb
2011-07-16	Coming to SCWC has never been easier, visit www.scwc.com.au for more information. $fb
2011-07-17	RT @wutti: Hört grade den #eintracht $Braunschweig Live Ticker über Okerwelle $fb
2011-07-17	malai ta lagdaina #fb #g+ same jastai lagyo :) @tsonil teso vaye $fb lai najitne vo ta + le ?? :P @arl_suraj @limshaku
2011-07-17	RT @ment0r: Kann die Bundesliga Saison 11/12 eigentlich besser Starten als mit einem Derby Sieg? NUR DER #bvb !! $fb
2011-07-17	RT:but i feel like #+ is slow @Rjushrestha aba aru kam ta k nai hola ra :P lol haha RT @tsonil uploading #video #g+ @arl_suraj @limshaku
2011-07-18	RT @adlerblog: Neues im Blog: Amanatidis war ein Eintracht Spieler http://bit.ly/q0eLrC #eintracht $fb
2011-07-18	RT @kosh_ac: #alemannia-$Aachen: Kommt Anouar Hadouir? « liga-zwei.de http://liga-zwei.de/alemannia-aachen-kommt-anouar-hadouir/655 $fb
2011-07-18	si tu chat del $fb esta echo leña dale a esto y dsps me cuentas :) https://facebook.com/presence/popout.php…
2011-07-18	Spor sonrasi evde, sike'nin hukuksal tarafinin irdelendigini programi izliyorum. Shikenin etik tarafi zaten bitmisti; $fb shikecidir.
2011-07-18	RT @kosh_ac: #alemannia-$Aachen - Eins der «schlimmen Spiele für einen Trainer» http://bit.ly/nLy75r $fb
2011-07-19	be someone be4 u gone $fb
2011-07-20	RT @joaum: Exakt neben den Pfosten getretene Flachschüsse hält kein Torwart dieser Welt... $ligacup #mainz05 $fcb $fb
2011-07-20	Are we seeing the light at the end of the tunnel with falling home prices? Reports seem to say "yes!" http://fb.me/13LnTD5V6 $fb
2011-07-20	RT @blogundweiss: Es ist vollbracht! Alle Spieler im Saisonrückblick 2010/201 http://awe.sm/5PDUq Vielen Dank für die Votes! #s04 $fb
2011-07-20	RT @dhaunsch: K*TZ RT @kosh_ac: Mal gespannt was das gibt!? - ALLE IN S6! http://www.aachen-ultras.de/ #alemannia $Aachen $fb
2011-07-20	RT @kosh_ac: #alemannia-$Aachen - Neuer Spielmacher für die Alemannia? http://www.az-web.de/sport/alemannia-detail-az/1757787 $fb
2011-07-21	RT @kosh_ac: #alemannia $Aachen - In Alemannias Aufsichtsrat scheppert es gewaltig http://bit.ly/p6G5Wq $fb
2011-07-21	RT @kosh_ac: #alemannia $Aachen - Neues Kapitel der Jugendarbeit http://www.az-web.de/sport/alemannia-detail-az/1759200 $fb
2011-07-21	RT @kosh_ac: #alemannia $Aachen - Selbstbewusste Sprüche bei «time 2 talk» http://www.an-online.de/lokales/euregio-detail-an/1759262 $fb
2011-07-22	RT @blogundweiss: Derby oder watt? Kleiner Text zum Supercup morgen: http://blogundweiss.de/2011/07/22/derby-oder-watt/#.TilgR3EOGVo.tweet… #s04 $dieunaussprechlichen $fb
2011-07-22	RT @kosh_ac: #alemannia $Aachen - Erik Meijer verlängert um zwei Jahre http://www.az-web.de/sport/alemannia-detail-az/1760820 $fb
2011-07-22	it had began to rain here in Aljunied $fb
2011-07-22	ต้องเร่งเวลากับชีวิตวันนี้แล้วสิ $fb
2011-07-22	RT @IVIindfreak: Auf geht's Zebra's! Zeit für die ersten 3 Punkte! #msv $Duisburg - $Energie $Cottbus $fb
2011-07-23	RT @MorpheusSnake: FT: #fcunion 0-4 $Fürth $bl2 $fb
2011-07-23	RT @Der_Bjoern: Gerade 2 Tickets fürs Europapokalspiel am Donnerstag klar gemacht. Wer will mit? #mainz05 $fb
2011-07-23	RT @OHombre: Der 2. Ball ist unser, #arminia, wann hat's das das letzte Mal gegeben? $fb
2011-07-23	RT @kosh_ac: #alemannia $Aachen - Noch ohne jede «Erb-Sünde» http://www.az-web.de/sport/alemannia-detail-az/1761253 $fb
2011-07-23	RT @MorpheusSnake: $fb RT @MissLuni Jubeln kann jeder, feiern wenn's nicht läuft- Das kann nur der #fcunion ! Und wir lieben unse… (c...
2011-07-23	RT @OHombre: Genau das wollen wir sehen: 1:0 für #arminia durch Rahn! $fb
2011-07-24	RT @adlerblog: Neues im Blog: Ende der griechischen Jahre? http://bit.ly/nSH7v9 #eintracht $fb
2011-07-24	RT @kosh_ac: #alemannia $Aachen - Alemannia findet gegen Braunschweig kein Mittel 24.07.2011 http://bit.ly/qqG9eK $fb
2011-07-25	@fenerlicavus $FB 'nin muzesindeki kac tane kupa sikeyle alinmis acaba, cevap verebilir misiniz. Turk futbolunun icine ettiniz, tebrikler...
2011-07-25	Fb Buca macında Sivas macında vs şike yapmış deniyor o macları ve birde gs Ankaragücü macını seyredin ve sonra siz karar verin
2011-07-25	RT @kosh_ac: #alemannia $Aachen - Trauer um verstorbenen Zuschauer 25.07.2011 http://bit.ly/rsWGYC $fb
2011-07-26	RT @blogundweiss: Warum $Sport1 es nicht hinbekommt, mal ne Inscreen Grafik mit den Kontodaten hinbekommt, ist mir ein Rätsel. #s04 $fb
2011-07-26	RT @felixhaufe: alex maier fussballgott #eintracht $frankfurt $fb
2011-07-26	PRP (Plano de Redução da Pança) começando a mostrar resultado... q venha junto com o PRQ (Plano de Redução dos quilos) $fb
2011-07-26	RT @blogundweiss: - hinbekommt und so $failtweet #s04 $fb
2011-07-26	RT @blogundweiss: Uchida spielt heute wie zu Beginn der letzten Saison: unkoordiniert, defensiv schwach und unglücklich. #s04 $fb
2011-07-27	chillin. $fb
2011-07-28	RT @kosh_ac: #alemannia $Aachen - Der Blick geht Richtung Karlsruhe 28.07.2011 http://bit.ly/qOs3zP $fb
2011-07-28	Saving troops' lives all in a day's work for these #dogs http://bit.ly/nfNHTz #sot $fb
2011-07-28	RT @Der_Bjoern: Moin! Heute großen Fußball im neuen Stadion anschauen. Hoffentlich... $Europapokal #mainz05 $fb
2011-07-28	HOOAH!!! RT @PetsforPatriots: Saving troops' lives all in a day's work for these #dogs http://bit.ly/nfNHTz #sot $fb
2011-07-28	RT @Der_Bjoern: Zurück aus Mainz. Stadion toll, Stimmung gut, Zuschauerzahl naja und Ergebnis hmpf... #mainz05 $fb
2011-07-28	RT @blogundweiss: Neu im Blog: Alle Jahre wieder auf Schalke http://blogundweiss.de/?p=2806 #s04 $fb
2011-07-28	RT @_fcsp: Welche Gemeinsamkeit ihrer Karriere verbindet Zinedine Zidane und Dieter Schlindwein? #fcsp $fb via @vonbandemer... http:/...
2011-07-28	RT @Der_Bjoern: Wo sollte ich heute Abend am besten parken? Messe oder Uni? #mainz05 $fb
2011-07-28	@ShydricaC $fb
2011-07-28	RT @DooMiniK2k: Frisch gespoxbloggt: Wie wichtig ist der Saisonauftakt für den $effzeh http://spox.com/myspox/group-blogdetail/PANIKMACHE,134242.html… $koeln #fckoeln $buli $fb
2011-07-28	RT @miradlo: KA-News zitiert @Eckes zum Thema $Videoüberwachung im #ksc Stadion: http://ka-news.de/region/karlsruhe/KSC-Pokalspiel-Ueberwachungs-Aktion-nach-Protesten-abgeblasen;art6066,675422… ... abgeblasen $Piraten $fb via ...
2011-07-29	No, Local SEO Isn’t Dead … But It Is a Wee Bit Harder - http://ow.ly/5Qglg $fb
2011-07-29	RT @kosh_ac: #alemannia $Aachen - Auf der Verpflichtung von Anouar Hadouir ruhen große Hoffnungen http://bit.ly/rtqlNU $fb
2011-07-29	I still freaking HATE #Facebook chat! #BringTheOldOneBack $fb
2011-07-29	RT @BMG_Dennis: Ab 400 Likes gibts neue Infos zum Block! https://facebook.com/BorussiaJETZT $gefälltmir #gladbach $borussia $FB
2011-07-29	RT @OHombre: Wartezeit vor dem AG Gütersloh überbrücken und mal den $Meinungsstand zu #arminia bei $Facebook checken. $fb
2011-07-29	RT @StBWinter: ob wir es diesmal schaffen, die Hütte 17mal ausverkauft zu bekommen? #bvb $53000 $fb
2011-07-30	RT @drachenschweif: Peinliches Rahmenprogramm ist peinlich $sve #fcsp $fb
2011-07-30	RT @bvbmarc: ich bin jetzt auch weg, gute nacht, schlaft gut und bis später mit einem heja #bvb $fb
2011-07-30	RT @BMG_Dennis: Die 400 sind bald geschafft! Dann gibts neue News! https://facebook.com/BorussiaJETZT #gladbach $borussia $FB
2011-07-30	RT @lilacle: wenn auch verspaetet trotzdem ein kleiner Jubelschrei: gut gemacht Jungs!!! #bvb $fb
2011-07-30	RT @kosh_ac: #alemannia $Aachen - «Besser bewegen, mutiger nach vorne spielen» http://bit.ly/pRUcoP $fb
2011-07-31	The power of Listening : http://ted.com/talks/julian_treasure_5_ways_to_listen_better.html… $fb #li
2011-07-31	RT @VegaEnrique: Asi luce el salon http://bit.ly/nHHf06 $fb
2011-07-31	RT @EmilyMiller: HUGE- We're back in grand bargain territory- Sen. McConnell said the current deal has $3 trillion debt ceiling. $fb
2011-07-31	RT @we1rdo: Wasn mieser Kick... #mainz05 $fb
2011-07-31	HUGE- We're back in grand bargain territory- Sen. McConnell said the current deal has $3 trillion debt ceiling. $fb
2011-07-31	RT @kosh_ac: #alemannia $Aachen - «Wir sind einfach zu blind vor dem Tor» http://www.az-web.de/sport/alemannia-detail-az/1770510 $fb
2011-08-01	RT @PatrickJung: „Bei einem Heimspiel ist es egal wer kommt, Ingolstadt oder Bayern." ;-) #f95 $fb
2011-08-01	RT @Gerald22: Hannover: drin. Braunschweig: raus. Welt: in Ordnung. =) #h96 $dfbpokal $fb
2011-08-01	Aun pensando en los panqueques de ayer...ojalá queden cuando llegue al depa $fb
2011-08-02	Damnit - Push Pop Press acquired by Facebook http://pushpoppress.com/about/ Wanted to see what publishers could do w. push pop press. $fb
2011-08-02	RT @OHombre: Angeblich noch 1.000 Eintrittskarten für das $Derby VfL Osnabrück - #arminia Bielefeld! $fb
2011-08-03	RT @FCZTigers: Spielplan 2011/12 #fcz, #fczuerich, $fb http://tinyurl.com/667zgfq
2011-08-03	Lol. $fb http://re.pn/6hxtf
2011-08-03	RT @OHombre: #arminia - VfR Aalen: Gewinn-/Wettquoten: Arminia 1,83 und Aalen 3,75! Hoffentlich geht´s auch so aus! http://bit.ly/pGrPej $fb
2011-08-04	RT @Der_Bjoern: Wird #mainz05 heute nicht übertragen? $fb
2011-08-04	RT @Der_Bjoern: Ist halt schade um die Kohle... #mainz05 $fb
2011-08-04	RT @StBWinter: muss morgen wieder ins's schönste Stadion der Welt zu den besten Fans der Welt. Endlich! #bvb $fb
2011-08-05	Facebook share with dynamic text: I'm doing: $fb = "http://www.facebook.com/sharer.php?t=".$title."&u=".$url; ... http://bit.ly/pb0LTe
2011-08-05	"En Misuri estarán prohibidas las amistades de Facebook entre profesores y alumnos" Y #EnMexicoCuando? aqui ni se preocupan por eso XD $fb
2011-08-05	RT @FCZTigers: CL spiel gegen Bayern #fcz, #fczuerich, $fb http://tinyurl.com/3zd3nst
2011-08-05	Zullen we elkaar porren op $FB
2011-08-05	RT @adlerblog: Neues im Blog: Die Spiele sind eröffnet.... http://bit.ly/r3BeeB #eintracht $fb
2011-08-05	@shaaY_iiza Heey!! que onda Shayned!!!! Un gusto tenerte por aca peqe<!! <3 $fb
2011-08-05	RT @drachenschweif: Endlich wieder zu Hause! #fcsp $fb http://twitpic.com/61brzs
2011-08-05	RT @mmoelli: Yes #fcunion! Guter Start in das Spiel. $fcu 1 $scp 0 $fb
2011-08-05	RT @JbGillet: alle guten dinge sind drei! #bvb $fb
2011-08-05	RT @daniel_hoepker: Personal sparen und Preise erhöhen ist doof, der Wartezeiten wegen. $Aramark #f95 $Fehlleistung $Duesseldorf $fb
2011-08-05	RT @kreisrot: Ich kotz im Strahl! Das is doch Scheiße, #alemannia! $fb
2011-08-06	RT @OHombre: Sieht deutlich leerer aus auf der $Alm, als gegen Stuttgart - selbst der Fanblock ist nicht voll! $fb #arminia
2011-08-06	RT @FCZTigers: CL spiel gegen Bayern #fcz, #fczuerich, $fb http://tinyurl.com/3zd3nst
2011-08-06	RT @breitnigge: Ob der #vfb auch eines der Teams sein wird, die vor den letztjährigen Überraschungsteams liegen werden? $fb
2011-08-06	RT @breitnigge: Auf jeden Fall hat der #vfb jetzt auch mal ein "richtiges" Stadion. $fb
2011-08-06	RT @schimanski666: Auswärtssieg! #s04 $fb (@ Mercedes-Benz Arena w/ 15 others) http://4sq.com/nGEM9N
2011-08-06	RT @Basti1102: Schalke singt irgendwas von Geschichte die niemals endet, was meinen die, ewig ohne Titel? $fb #vfb
2011-08-06	RT @WBCenobyte: Schalker Spielleistung passt zum Trikot. #bvb $fb
2011-08-06	RT @OHombre: ....und da ist es passiert, völlig unnötiges Freistoßtor für Aalen: 0:1! #arminia $fb
2011-08-06	RT @OHombre: So Leute, langsam mal auf den ersten Heimsieg einstimmen! $fb #arminia
2011-08-07	RT @chrisdennig: So sieht's aus #ksc $fb
2011-08-07	RT @uzunozui: Wie kann ein Online-Shop nur so scheiße sein! #hsv $fail $fb
2011-08-07	Flu leva de 3 do América(ultimo colocado) e Vasco toma de 4 do Botafogo..Vascaínos e tricolores amanha com a cabeça desse tamanho! $fb
2011-08-07	RT @Der_Bjoern: Zwischen himmelhochjauchzend (#mainz05) und zu Tode betrübt ($FCB). Ich. $fb
2011-08-07	RT @FCZTigers: Spielplan 2011/12 #fcz, #fczuerich, $fb http://tinyurl.com/667zgfq
2011-08-07	RT @Der_Bjoern: Na also! Geht doch! #mainz05 $fb
2011-08-07	RT @Bretzenheim: Mit dem PKW zur $CofaceArena ? Folgende wichtigen Informationen beachten: http://is.gd/E5J8Tl $fb #mainz05 $bayer04 ...
2011-08-07	RT @LarsWienand: Die Zweite Liga und der Wecker sind Ein beschissenes Paar. Aber ich hab's geschafft. #eintracht $SGE $fb
2011-08-07	RT @Der_Bjoern: Moin! Gleich Verbandspokal von gestern verwursten, dann ab zu #mainz05. $fb
2011-08-07	RT @FCZTigers: FCZ vs. GC 2011 #fcz, #fczuerich, $fb http://tinyurl.com/3zt6g94
2011-08-08	Thanks Sharif! This guy is awesome. You must have someone with these skills to make your business successful! http://bit.ly/q5svzi $fb
2011-08-08	http://apps.facebook.com/alrenaroushe/ miren na un poco las fotos de este perfil de $FB re densa la tipa :$
2011-08-08	RT @FCZTigers: CL spiel gegen Bayern Neue Infos #fcz, #fczuerich, $fb http://tinyurl.com/3mmbfdv
2011-08-08	RT @FCZTigers: CL spiel gegen Bayern #fcz, #fczuerich, $fb http://tinyurl.com/3zd3nst
2011-08-09	RT @FCZTigers: CL spiel gegen Bayern Neue Infos #fcz, #fczuerich, $fb http://tinyurl.com/3mmbfdv
2011-08-09	RT @punktefrau: $Interview mit $Kloppo „Dreht nicht durch“, bat der #bvb-Trainer nach dem 3:1-Sieg gegen Hamburg http://bit.ly/qdbTpZ $fb
2011-08-09	following! “@iDNTSEENOBODY: @LaLasEffnTIGHT $fb”
2011-08-09	RT @slith76: Kennt jemand die Nummer von Max? #hansa (Habe mir eben den Grottenkick von gestern Abend angesehen) Oh jee. $fb
2011-08-10	getting hungry $fb
2011-08-10	RT @adlerblog: Neues im Blog: Rückblick auf Braunschweig http://bit.ly/pWTze2 #eintracht $fb
2011-08-10	RT @FCZTigers: CL spiel gegen Bayern Neue Infos #fcz, #fczuerich, $fb http://tinyurl.com/3mmbfdv
2011-08-11	RT @janpiatkowski: Things to do in September: Wieder mal zur Fortuna ins Stadion gehen. Wer geht mit? #f95 $fb
2011-08-11	RT @blogundweiss: Heute im Blog: Interview mit Raphael Brinkert über die Übernahme der Facebook Seite des S04: http://blogundweiss.de/?p=2860 #s04 $fb
2011-08-11	IL 8 How about that Tweets ! $fb
2011-08-11	RT @Kai_Iron_City: Karten für $FCK vs #vfb sind da! $fb http://twitpic.com/64h73h
2011-08-12	RT @JoernPL: auf dem Weg in die "Milchbar" (Görlitzer Bahnhof), dem magischen FC auswärts siegen sehen. Jemand Lust auf nen Bier? #fcsp $fb
2011-08-12	RT @Curi0us: Einfach mal glücklich sein! #fcsp $fb
2011-08-12	Your account is currently unavailable due to a site issue. We expect this to be resolved shortly. Please try again in a few minutes. $FB
2011-08-12	RT @kosh_ac: So! Mal schauen wie lange mein Post bei #alemannia auf der Wand bleibt!? $fb $Zensur
2011-08-12	RT @elfritzos: Die #alemannia will halt $socialmedia nicht richtig nutzen. Einträge auf $FB löschen und kommentieren sie willkürlich.
2011-08-13	RT @waldorfstatler: Im $IC2218 mit 3 Punkten im Gepäck auf dem Weg nach HH. #fcsp $Auswärtssieg $fb
2011-08-13	RT @blogundweiss: Sonntag geht es dann gegen den Tabellenführer in seinem neuen Schmuckkästchen. $Mainz #s04 $fb
2011-08-13	RT @mir_nach: Spitzenreiter! $Bundesliga #mainz05 $fb
2011-08-14	RT @BMG_Dennis: https://facebook.com/BorussiaJETZT #gladbach $fans $FB
2011-08-14	RT @NeneS78: 50.000 Euro: Schalke 04 kauft den Fans die Facebook-Seite ab http://bit.ly/nL059e #s04 $FB
2011-08-14	RT @Oceano26: RT @MaximYassin: #WINNING #SHEEN #AUTOFOLLOW #FOLLOWBACK #FOLLOW $FB
2011-08-14	RT @FCZTigers: Spielplan 2011/12 #fcz, #fczuerich, $fb
2011-08-14	RT @chillsmau: Stimmt: ein 0-3 ist gegenüber einem 0-6 eine klare Steigerung, lieber $Teleclub... #gcz $punktelieferant $fb
2011-08-15	@monicadanger $FB
2011-08-15	RT @sreygate: Kommt morgen jemand mit zum Spiel Pauli gg. Werder? Karten kosten nur 5 Euro für Steh- und Sitzplätze. $fb #fcsp $svw
2011-08-15	RT @dvg: "Wer mich 90 Minuten lang permanent beleidigt, sollte nicht so empfindlich reagieren." http://kicker.de/news/fussball/bundesliga/startseite/556527/artikel_hopp_wer-mich-beleidigt-sollte-nicht-empfindlich-sein.html… #bvb $fb
2011-08-16	RT @tobygoesDUS: Düsseldorf - Sonne. Köln - Regen. Woran dass wohl wieder liegen mag? #f95 $fb
2011-08-16	RT @Scooter3004: Welchen Tabellenplatz belegte #h96 letzte Saison noch mal? (gefunden bei $fb ) http://lockerz.com/s/130165122
2011-08-16	RT @eintr8podcast: Jetzt für den Eintracht Podcast beim European Podcast Award stimmen http://european-podcast-award.eu/de/start/vote-and-win/personality/type/player/nc/1/uid/2589/podid/2589.html… #eintracht $fb
2011-08-16	Andai mas lento que peaje en fin de semana largo $fb
2011-08-16	RT @adlerblog: Neues im Blog: Rückblick Fortuna oder auch "Gedankengefängnis feat. Heimkomplex" http://bit.ly/ppupAh #eintracht $fb
2011-08-17	RT @iFanboy95: Gratulation! Der FC Bayern gewinnt gegen den FC Zürich 2:0. ;) :D $CL #fcbayern. $fb
2011-08-18	RT @janw: Hecking ist ja mal mega-erfrischend währen der Pressekonferenz! #fcn $fb
2011-08-18	RT @macseoblog: So, bin raus... Eurofighten! #s04 $Glückauf $fb
2011-08-18	RT @donphilippo: Geht das eigentlich schon wieder los mit dem $S04? Gestern hui (#fckoeln), heute pfui (Helsinki)... ? $fb
2011-08-19	RT @Saarlandpower: Super! RT @joaum Super! $Patsche staubt ab, 2:0 (70.) $Borussia $Neunkirchen #alemannia $Waldalgesheim $fb
2011-08-19	RT @joaum: Das 3:0 (77.) in HD :-) $Borussia $Neunkirchen #alemannia $Waldalgesheim $fb http://twitvid.com/CK6MX
2011-08-19	RT @joaum: Super! $Patsche staubt ab, 2:0 (70.) $Borussia $Neunkirchen #alemannia $Waldalgesheim $fb
2011-08-19	RT @FCZTigers: FC Bayern München vs. FCZ 2011 #fcz, #fczuerich, $fb http://tinyurl.com/3wgr8gn
2011-08-20	winter needa hurry so , I ca wear my snapbacks w/ my $FB sweaters !!!
2011-08-20	RT @BioBlubb: Das hat mit Fuß, Das hat mit Ball, Das hat mit Fußball nix zu tun! #vflbochum $fb
2011-08-20	RT @dennis_kruse: soo... auf gehts, den #bvb siegen sehn :) $fb
2011-08-20	RT @tobimann: Hach... Weihnachten, Ostern und eigentlich sogar noch Geburtstag auf einen Tag... :) $SVW #hsv $Merte $fb
2011-08-21	RT @joyrunner_de: Wieder mal ein gutes Beispiel dafür wie man ein Spiel kaputt pfeifen kann! Scheiß Schiri!!! #h96 $fb
2011-08-21	Me Encantaria Ser Tu Alegria... $fb
2011-08-21	School shopping in #Pittsburgh today with the family $fb
2011-08-21	RT @Der_Bjoern: Moin! Gleich Landesliga verwursten, dann auf zu #mainz05! :-) $fb
2011-08-21	RT @Teukan: FC $Zürich macht jetzt auch vom Internetpranger gebrauch http://bit.ly/roA39w $fail $piraten #fcz $fb
2011-08-21	RT @schnellrieder: Auf dem weg ins $waldstadion zur #eintracht $fb
2011-08-21	RT @FCZTigers: FCZ vs. Xamax 2011 #fcz, #fczuerich, $fb http://tinyurl.com/3jk4wtz
2011-08-22	RT @tmrazek: Hat das Zeug zum Wiesnhit: Rockaholixs Buam: Mia ham an Scheich - http://youtube.com/watch?v=kOb37ccNQLk&sns=fb… #1860 $Wiesn $spaßmusssein (-; $fb
2011-08-22	RT @blogundweiss: Neu im Blog: Bei Schalke kommt zuerst die Peitsche http://bit.ly/pu6FgG #s04 $fb
2011-08-23	RT @adlerblog: Nach dem "Derbysieg" gilt mal wieder: http://youtube.com/watch?v=_MVonyVSQoM… #eintracht $fb
2011-08-23	RT @LudwigR: So, endlich ist der #fcbayern wieder dort, wo er hingehört: In der europäischen Königsklasse $CL $fb
2011-08-23	RT @adlerblog: Neues im Blog: Transfer Endspurt http://bit.ly/q35Niq #eintracht $fb
2011-08-23	now u-turn unpack my bag.. ha ha ha. :p $fb
2011-08-23	#NF @prettymxd_bitch $FB ;)
2011-08-24	RT @FCZTigers: Spielplan 2011/12 #fcz, #fczuerich, $fb http://tinyurl.com/667zgfq
2011-08-24	RT @FCZTigers: FCZ vs. Bayern München 2011 #fcz, #fczuerich, $fb http://tinyurl.com/3hqklcx
2011-08-24	RT @blogundweiss: Neu im Blog: "Zuerst erschuf Hans Sarpei Gott." Über das Phänomen @HansAduSarpei in der Social Media Welt. #s04 $fb
2011-08-25	$FB // HNIC » RT @CallMeJackBoy: @HEARTBREAKjazz @HeDontGiveAFuck @Almeedaxo IM FUCKING DONE lmfaoooooo ! 808 // PYT
2011-08-25	Scuba diving with sharks inspires popular marine artist David Dunleavy - http://diverwire.com/post/scuba-environment-news/scuba-diving-with-sharks-inspires-and-motivates-popular-marine-artist-david-dunleavy/… $fb
2011-08-26	Thats whats poppington bruh RT @AlainOmoding: @hustlethatswag $FB..GM$
2011-08-27	#drupal fb_get_friends($fbu, $fb_app = NULL) A convenience method for returning a list of facebook friends. http://bit.ly/q6fdbr
2011-08-28	Cooking a wonderful dinner with the love of my life $fb
2011-08-29	Finally, a chance to sit down. $fb
2011-08-31	1,10m foi o que baixou(17h) o Rio Itajaí-Açu desde as 23h de ontem. Barragens-Ituporanga: 1 comporta aberta.. Taió: todas fechadas. $fb
2011-09-01	$fb people views on #andriod -> Toshiba Thrive Review: A Middle Of The Road Tablet - Gotta Be Mobile http://bit.ly/oFNTSq
2011-09-01	Good morning everyone happier then yesterday better then today lol the pas is da past $Fb
2011-09-01	$fb people views on #andriod -> Gadget review - Motorola Atrix 4G phone - FM.co.za http://bit.ly/qgv5qE
2011-09-01	$fb people views on #andriod -> Samsung Wave 3 - CNET UK http://bit.ly/ruxT0I
2011-09-02	$fb people views on #andriod -> Android App Video Review: Speedy Fish - Android Apps Appolicious http://bit.ly/qopHpP
2011-09-02	$fb people views on #andriod -> Motorola Photon 4G Review - Digitaltrends.com http://bit.ly/nsjqO7
2011-09-02	$fb people views on #andriod -> ViewSonic ViewPad 10pro - ZDNet UK http://bit.ly/pADkAK
2011-09-03	$fb people views on #andriod -> Navigon announces updated navigation apps for smartphones - Mobiletor.com http://bit.ly/qQt41O
2011-09-03	$fb people views on #andriod -> Android App Tablet Review: USA TODAY - Android Apps Appolicious http://bit.ly/mXuOLt
2011-09-03	$fb people views on #andriod -> LeapFrog LeapPad Explorer Tablet review - PC Advisor http://bit.ly/oGJASV
2011-09-04	$fb people views on #andriod -> Philips GoGear Connect 3 with Wi-Fi - CNET UK http://bit.ly/nBdQiK
2011-09-04	$fb people views on #andriod -> Free cell phone apps can help you save money - LubbockOnline.com http://bit.ly/pFRebJ
2011-09-04	#NF @FirstClassHerm $FB
2011-09-04	$fb people views on #andriod -> Amazon Kindle Tablet Has 7-inch Screen, Custom Android - eWeek http://bit.ly/qmx7kQ
2011-09-05	$fb people views on #andriod -> Amazon tablet could take on iPad on price, more - USA Today http://bit.ly/mYnLQi
2011-09-05	$fb people views on #andriod -> Review: Nokia E6 nips and tucks and botoxes - gearburn http://bit.ly/oVTqHy
2011-09-05	$fb people views on #andriod -> Photo Apps That Let You Snap and Share - Jakarta Globe http://bit.ly/nIAa3C
2011-09-05	$fb people views on #andriod -> Last.fm reviews - PC Advisor http://bit.ly/pmGUAI
2011-09-05	$fb people views on #andriod -> Anki Review - 148Apps http://bit.ly/pZXS5H
2011-09-05	$fb people views on #andriod -> Review: Nokia E6 nips and tucks and Botoxes - gearburn http://bit.ly/pOEKN2
2011-09-05	$fb people views on #andriod -> BlackBerry Bold 9900 review - FoneHome.co.uk http://bit.ly/oFzt1L
2011-09-06	$fb people views on #andriod -> First Look review: The BlackBerry Torch 9850 and Bold 9930 - ConsumerReports.org http://bit.ly/onU81n
2011-09-06	$fb people views on #andriod -> Sage ACT! 2012 Contact & Customer Manager Adds Google Integration, Universal ... - ... http://bit.ly/n21nQV
2011-09-06	$fb people views on #andriod -> What Are the Best Fantasy Football iPad Apps? - Tablet PC Review http://bit.ly/nOhPVp
2011-09-07	@OniTshA $FB
2011-09-07	$fb people views on #andriod -> Book review: Location-Aware Applications - ZDNet UK (blog) http://bit.ly/pNbqyk
2011-09-07	$fb people views on #andriod -> Chimani Launches Rocky Mountain National Park App for the iPhone and Android - San ... http://bit.ly/pjW0PS
2011-09-07	$FB ¢BG, what it issssssssssss
2011-09-07	$fb people views on #andriod -> ET Review: BlackBerry Torch 9810 with BlackBerry OS7 - Economic Times http://bit.ly/roQpcW
2011-09-08	"We're the users & the product is advertising...but in fact, the advertiser is the user & you are the product." - Don Norman (on $goog $fb)
2011-09-08	Falando con Cata en $fb ejeéjjé.
2011-09-08	$fb people views on #andriod -> Acer Iconia A100 Review by 3G.co.uk - 3G.co.uk http://bit.ly/q61j2N
2011-09-08	$fb people views on #andriod -> Droid Bionic review - Engadget http://bit.ly/nnhrJY
2011-09-08	$fb people views on #andriod -> Lenovo IdeaPad K1 review - PC Pro http://bit.ly/r5Uinu
2011-09-09	$fb people views on #andriod -> Onavo Lite review [Android] - Know Your Mobile http://bit.ly/qrRMOm
2011-09-09	$fb people views on #andriod -> 5 Essential Mobile Security Tips - InformationWeek http://bit.ly/pTX5C2
2011-09-09	$fb people views on #andriod -> LG Thrill 4G review - Engadget http://bit.ly/mUNL3e
2011-09-10	$fb people views on #andriod -> Asus Eee Pad Transformer TF101 - Australian Gamer http://bit.ly/rkuDXm
2011-09-10	$fb people views on #andriod -> Google Maps update for Android shows one reason Google acquired Zagat - VentureBeat http://bit.ly/pDslbB
2011-09-10	NTS: Dance videos are extremely distracting. I forgot my water was boiling, the whole thing evaporated and the smoke alarm went off! $fb
2011-09-10	$fb people views on #andriod -> Goondu review: this week's app round-up - Techgoondu http://bit.ly/mT6Tmu
2011-09-11	$fb people views on #andriod -> DROID BIONIC Review - SlashGear http://bit.ly/pCEgll
2011-09-11	$fb people views on #andriod -> Goondu review: Sony Ericsson Xperia Ray - Techgoondu http://bit.ly/o0CFxj
2011-09-11	$fb people views on #andriod -> Motorola Droid Bionic 4G Review: What You're Getting for Your $179 Price Tag - Mobi... http://bit.ly/oaf1Ai
2011-09-12	$fb people views on #andriod -> Career Watch: Job hunting on a smartphone - Computerworld http://bit.ly/o17WCD
2011-09-12	$fb people views on #andriod -> BlackBerry Torch 9810 Review - Recombu http://bit.ly/psClOL
2011-09-12	$fb people views on #andriod -> Pulse Android app review - PC Advisor http://bit.ly/oTOelF
2011-09-13	$fb people views on #andriod -> Enisa issues advice for safer App Store and Android Market use - V3.co.uk http://bit.ly/o0MJCY
2011-09-13	creo que se está metiendo el agua por eiurjnasdncp gluc gluuc gluc... $fb
2011-09-13	$fb people views on #andriod -> Droid Bionic: Most expensive Droid yet (review) - ZDNet (blog) http://bit.ly/qrlJEC
2011-09-13	$fb people views on #andriod -> Hands on: Fusion Garage Grid 10 review - TechRadar UK http://bit.ly/qQvwEU
2011-09-14	$fb people views on #andriod -> Banned iPhone Title Phone Story Released For Android - Gamasutra http://bit.ly/ojZHvS
2011-09-14	Q impide al GobFed desde hace 10años dar conocer prog vivienda No Asalariados, aprobación del PEF? Volatilidad mercados? otra noticia? $fb
2011-09-14	VIDEO - FEI European Jumping championships 2011 - Schedule http://bit.ly/qm4wXJ $fb
2011-09-14	Now watching Due Date getting high ass fuck on this medicine! $FB you know it dont stop!
2011-09-14	$fb people views on #andriod -> 10 Reasons Why iPhone 5 will be Beaten by Samsung Galaxy S2 - International Busines... http://bit.ly/qTSsSD
2011-09-14	satan defeats you by time not by his works... let your faith employ patience... and let patience have it's perfect wk (James 1:3,4) $fb
2011-09-14	$fb people views on #andriod -> Sprint Epic 4G Touch First Impressions - Gotta Be Mobile http://bit.ly/nyxxuL
2011-09-15	$fb people views on #andriod -> App Review: Touchpal Keyboard for Android - The Mobile Indian http://bit.ly/pL6RzE
2011-09-15	$fb people views on #andriod -> Samsung Galaxy W - CNET UK http://bit.ly/rbxlyF
2011-09-15	$fb people views on #andriod -> ViewSonic ViewPad 10pro Review - 3G.co.uk http://bit.ly/nm5QFa
2011-09-16	$fb people views on #andriod -> ZocDoc Begins Service in Boston Area, Improving Access to Medical Care - PR Newswir... http://bit.ly/olp4Q0
2011-09-16	$fb people views on #andriod -> Review: Motorola's Droid Bionic Is The Fastest, Most Powerful Droid Ever - Complex.... http://bit.ly/nT2QqR
2011-09-16	$fb people views on #andriod -> Samsung Galaxy Y - CNET UK http://bit.ly/p8jVwr
2011-09-17	$fb people views on #andriod -> Motorola Photon 4G Review - Everything Android http://bit.ly/mVt8BW
2011-09-17	$fb people views on #andriod -> Reliance 3G Tab review - BGR India http://bit.ly/mRUdgZ
2011-09-17	$fb people views on #andriod -> Video: BlackBerry Curve 9360 Review - MobileSyrup.com http://bit.ly/nk6b2H
2011-09-18	$fb people views on #andriod -> 10 Reasons Why Droid Bionic, Galaxy S2 will Beat iPhone 5 - International Business ... http://bit.ly/q85gNP
2011-09-18	$fb people views on #andriod -> How to Lift Auction Cloud Sittin' on the Stock of eBay - Wall Street Journal http://bit.ly/qjY6Ms
2011-09-18	$fb people views on #andriod -> Apple's iPhone 5 Dilemma: Is it Samsung Galaxy S2 or Android OS? - International Bu... http://bit.ly/nfGy4q
2011-09-18	About time..... $fb
2011-09-19	$fb people views on #andriod -> News App Round-Up: Zite for iPad (review) - Stark Insider http://bit.ly/r814Bi
2011-09-19	$fb people views on #andriod -> Sony Tablet S In-Depth Video Review - MobileTechReview.com http://bit.ly/qdf3On
2011-09-19	$fb people views on #andriod -> Android App Video Review: Muffin Knight - Android Apps Appolicious http://bit.ly/qPkR1C
2011-09-20	Google+ open to everyone a before Facebook F8 announces major changes to profiles. The competition continues. $GOOG $FB
2011-09-20	$fb people views on #andriod -> News App Round-Up Pt. 2: Pulse for iPad, Android (review) - Stark Insider http://bit.ly/piX3nO
2011-09-20	$fb people views on #andriod -> Android App Video Review: Zombie City II (Boss) - Android Apps Appolicious http://bit.ly/qSqBEm
2011-09-20	$fb people views on #andriod -> Proposal to rank applications on security - The Mobile Indian http://bit.ly/qWVJ6b
2011-09-21	New in #Windows 8: Tap to Share, Hyper-V, Metro UI, Reset PC, Windows Live $fb
2011-09-21	$fb people views on #andriod -> Android Shopping Apps: Dell Mobile App - Phones Review http://bit.ly/qVYcz0
2011-09-21	$fb people views on #andriod -> Lenovo ThinkPad Tablet First Look Review - Tablet PC Review http://bit.ly/opTmsB
2011-09-21	$fb people views on #andriod -> Flipboard for iPad changes the game (review) - Stark Insider http://bit.ly/ogNDhe
2011-09-22	$fb people views on #andriod -> Packard Bell Liberty Tab G100 review - T3 http://bit.ly/nRBkiF
2011-09-22	$fb people views on #andriod -> OnApp Launches New Cloud Management Mobile Apps - Web Host Industry Review (blog) http://bit.ly/nCeANm
2011-09-22	@ShineDark_TH pajarita estoy en $FB
2011-09-22	@pepdek I say 3 fiscal quarters before their IPO - so they can show investors all that dough $FB @facebook
2011-09-22	@BillKauliitzT jajajajajajajaja esque queria que fuera de suspenso xPPP jajajajajaj
2011-09-22	These changes will make Facebook a place where nearly everything in your life is enhanced by your social graph. $FB
2011-09-22	copete?... mm.. y no teni chamito? $FB // como siempre.
2011-09-22	Not understanding why @Facebook hasn't improved their search. My guess is they roll this out in the weeks leading up to their IPO. #F8
2011-09-22	CanYouWorld Application For Facebook http://awe.sm/5VTxZ $fb #facebook #app
2011-09-22	$fb people views on #andriod -> Zinio bridges paper-to-digital gap for magazines (review) - Stark Insider http://bit.ly/o5b4ya
2011-09-23	Had fun playing outside with my babies - now enjoying some quiet, alone time! They've been sleeping since 8 & hubby is out. Aaaahhh! $fb
2011-09-23	This whole satellite falling from space thing has me thinking about Skylab falling in Wet Hot American Summer. #higherandhigher $fb
2011-09-23	$fb people views on #andriod -> Android App Video Review: 180 Ultra - Android Apps Appolicious http://bit.ly/nX5Qdy
2011-09-23	RT @ArreolaMauricio: En preparación de Verificación (Nivel 2) y en espera de resultados de otra (Nivel 1) #MoProSoft $fb
2011-09-23	Me and my squad $FB dont go H.A.M. We go STEAK! USDA grade A Certified #BEEF
2011-09-23	$fb people views on #andriod -> ThinkPad Tablet: Ready for the boardroom (review) - ZDNet (blog) http://bit.ly/nAjqpS
2011-09-23	N3am??? RT @IsraeliPM Palestinians accuse Israel of Judeizing Jerusalem. That's like accusing the Americans of Americanizing Washington. $fb
2011-09-23	$fb people views on #andriod -> News Apps Round-Up Part 5: News360 for Android, iPad (review) - Stark Insider http://bit.ly/qQ1wZ8
2011-09-24	T-Minus 11 hours til im #DrunkAsASkunk $FB on South Beach 2nite MutherSucka
2011-09-24	$fb people views on #andriod -> Vizio Tablet VTAB1008 Review: A Pleasant Surprise at a Value Price - PCWorld http://bit.ly/phwBWN
2011-09-24	At CPC Florida -people love FDRepublican message...demand for the book is mindblowing. $fb
2011-09-24	$fb people views on #andriod -> Motorola Droid Bionic Review – Verizon - Chip Chick http://bit.ly/qfkjNl
2011-09-24	$fb people views on #andriod -> Review: Motorola (XT530) Fire XT - OnlyGizmos http://bit.ly/oRa63x
2011-09-25	$fb people views on #andriod -> Android Central Editors' app picks for Sept 24, 2011 - Android Central http://bit.ly/oxLHGU
2011-09-25	Iniciando el dia con Jose Jose y Leonardo Fabio... Que jevi $fb
2011-09-25	$fb people views on #andriod -> Experts, parents wonder about long-term effects of touch-screen tech - Tarentum Val... http://bit.ly/oVHLQT
2011-09-26	$fb people views on #andriod -> Huawei Blaze review - FoneHome.co.uk http://bit.ly/r5ob9i
2011-09-26	$fb people views on #andriod -> BlackBerry Bold 9900 review - Wired.co.uk http://bit.ly/plXXLl
2011-09-26	$fb people views on #andriod -> Review: HTC Sensation - Techtree.com http://bit.ly/oNRdOd
2011-09-27	$fb people views on #andriod -> How Do You Find Good Educational Apps? - MindShift http://bit.ly/n2p3Ii
2011-09-27	$fb people views on #andriod -> Samsung Galaxy S II Review [AT&T] - SlashGear http://bit.ly/njz915
2011-09-27	$fb people views on #andriod -> Acer Iconia Tab A501 (32GB) - CNET http://bit.ly/rgf5T4
2011-09-27	$FB is the set dat I claim, know somereal niggas dat claim da same thang!
2011-09-28	$fb people views on #andriod -> Mobile Security's Future: 4 Expert Predictions - InformationWeek http://bit.ly/qkMcUY
2011-09-28	$fb people views on #andriod -> Sony Ericsson Xperia Neo review - Know Your Mobile http://bit.ly/qsMlfu
2011-09-28	$fb people views on #andriod -> Samsung Galaxy Tab 10.1: better than the iPad? - TechCentral http://bit.ly/mOMRRE
2011-09-29	$fb people views on #andriod -> Amazon Kindle Fire tablet review roundup - Computerworld (blog) http://bit.ly/pba2dE
2011-09-29	en redenen om het toch wel te doen! ;) @AgroMarketeer Hierbij 5 redenen waarom u NIET van $FB gebruik zou moeten maken. http://bit.ly/nfcMBD
2011-09-29	OK, ok u zit al op Twitter! Hierbij 5 redenen waarom u NIET van $FB gebruik zout moeten maken. http://bit.ly/nfcMBD
2011-09-29	$fb people views on #andriod -> Lenovo IdeaPad K1 Review - Digitaltrends.com http://bit.ly/qSJtB9
2011-09-29	$fb people views on #andriod -> Android App Video Review: Pollutshot - Android Apps Appolicious http://bit.ly/om4DeP
2011-09-30	$fb people views on #andriod -> Famigo Wants To Help Families Discover Kid-Friendly Mobile Apps - TechCrunch http://bit.ly/oucWrU
2011-09-30	$fb people views on #andriod -> The @Tmobile @HTC HD7 @WindowsPhone #Mango Review - TmoNews http://bit.ly/nRNGHb
2011-09-30	$fb people views on #andriod -> Huawei Blaze Review by 3G.co.uk - 3G.co.uk http://bit.ly/oaIePB
2011-10-01	$fb people views on #andriod -> Cowon D3 Plenue Review - Anything But iPod http://bit.ly/nWXFPs
2011-10-01	$fb people views on #andriod -> Pantech Breakout Review [Verizon 4G LTE] - SlashGear http://bit.ly/ouuZNa
2011-10-01	$fb people views on #andriod -> REVIEW: Microsoft Windows 8 http://bit.ly/nokD4v
2011-10-01	$fb people views on #andriod -> Review: Motorola Fire XT & Fire - Times of India http://bit.ly/pU53V4
2011-10-02	$fb people views on #andriod -> BlackBerry Bold 9900 - Pocket Gamer http://bit.ly/ppI83r
2011-10-02	$fb people views on #andriod -> ET Review: iBall Slide sliding to glory - Economic Times http://bit.ly/qa0Ubo
2011-10-03	$fb people views on #andriod -> Samsung Galaxy Tab 10.1 review - MyBroadband http://bit.ly/p7J5du
2011-10-03	$fb people views on #andriod -> Motorola Droid Bionic Review - Verizon Wireless - Droid Matters http://bit.ly/p7ZLS4
2011-10-03	$fb people views on #andriod -> The WIRED App Guide Brings Order to the Chaos of App Stores - MarketWatch (press re... http://bit.ly/rnE7db
2011-10-03	Drinkin on dis exlusive ass dark 2nite finna roll out the monte carlo on 4's 2nite! $FB vibin
2011-10-03	Meet the New Super People - NYTimes.com http://nyti.ms/oDEq34 $fb
2011-10-04	$fb people views on #andriod -> Famigo Family App Review Announces Apple iOS Support - TMC Net http://bit.ly/n3nlGy
2011-10-04	@AKERA2 $nf $fb :-)
2011-10-04	"@DmacVIPC: Ewwl «@iNutSwagg OMG!! I jus swallowed some vomit WTF WTF O.O http://yfrog.com/nwqx6nj»" I JUST PISSED ON MYSELF FUCKKKKKKKK LMMFAO
2011-10-04	$fb people views on #andriod -> Tablet buying guide - CNET UK http://bit.ly/nrUhhc
2011-10-04	$fb people views on #andriod -> Free Mobile EHR For iPhone, iPad, Android - InformationWeek http://bit.ly/r9JvQE
2011-10-05	$fb people views on #andriod -> Toshiba AT-100 tablet review for business - BizGene.com http://bit.ly/onbFsd
2011-10-05	I think Facebook is doing something wrong. I'm ending up unliking and unlinking to lots of stuff. Use Twitter more for all that now. $FB
2011-10-05	$fb people views on #andriod -> Windows Phone 7.5 Mango Review - SlashGear http://bit.ly/qsf9a0
2011-10-05	$fb people views on #andriod -> Review: The Samsung Galaxy Tab 8.9 is More of the Same, With Slimmer Profile - Comp... http://bit.ly/ndh140
2011-10-06	$fb people views on #andriod -> Blackberry Playbook tablet computer - ComputerActive.co.uk http://bit.ly/pOZpcT
2011-10-06	$fb people views on #andriod -> Review: Microsoft Windows Phone Mango - Computing http://bit.ly/pPUVcU
2011-10-06	$fb people views on #andriod -> Toshiba AT100 review - FoneHome.co.uk http://bit.ly/okAwyi
2011-10-07	$fb people views on #andriod -> CRM Review: TenDigits Makes Microsoft Dynamics CRM Mobile - Enterprise Apps Toda... http://bit.ly/nZ1ykb
2011-10-07	$fb people views on #andriod -> Motorola Electrify (US Cellular) - CNET http://bit.ly/pTAHZV
2011-10-07	$fb people views on #andriod -> Samsung Galaxy Tab 8.9 Review - ComputerShopper.com http://bit.ly/q6BL6Z
2011-10-07	Ebay Dick u? $fb
2011-10-07	$fb people views on #andriod -> Android Security Becoming an Issue - eSecurity Planet http://bit.ly/pVtD75
2011-10-08	$fb people views on #andriod -> Top five Android apps of the week - Life of Android (blog) http://bit.ly/qAFWcV
2011-10-08	$fb people views on #andriod -> How to use voice commands on your Android phone - CNET (blog) http://bit.ly/ruK0jU
2011-10-08	$fb people views on #andriod -> Review: Microsoft relevant again with Mango phone - Chicago Daily Herald http://bit.ly/pfMxNc
2011-10-09	$fb people views on #andriod -> Adobe MAX 2011: Wrap-Up Coverage - Legit Reviews http://bit.ly/nC762w
2011-10-09	$fb people views on #andriod -> 20 good apps for the HP TouchPad - ZDNet (blog) http://bit.ly/nSALQw
2011-10-09	Futsal de SC..Chave "B" 1 e 2)Krona e Concórdia(13pts); 3)Capivari(12); 4)Jaraguá(8); 5 e 6)Ibirama e Moitas(7). $fb
2011-10-10	Think twice b4 goin out drinkin wit me we liable to get 100 shots at anytime! Or run threw 10 bottles $FB dont play!
2011-10-10	$fb people views on #andriod -> ShoreTel, Vidyo, Radvision Bring UC, Video Apps to Apple, Android Devices - eWeek http://bit.ly/qWf3Ff
2011-10-10	$fb people views on #andriod -> Tablet tussle: Toshiba Thrive vs Lenovo IdeaPad - TechCentral http://bit.ly/nJpzNK
2011-10-10	$fb people views on #andriod -> Apple iPad Running Android Apps Extreme Risk Warning - Phones Review http://bit.ly/r0at2a
2011-10-11	$fb people views on #andriod -> Motorola Xoom Tablet: The Business Review - The VAR Guy http://bit.ly/nQG34j
2011-10-11	$fb people views on #andriod -> Lonely Planet watch out — TripAdvisor launches free mobile city guides - Tnooz http://bit.ly/prapti
2011-10-11	$fb people views on #andriod -> Tapping into Chicago Ideas Week on your Smartphone: Guest - NBC Chicago (blog) http://bit.ly/nZdUnz
2011-10-11	operation eavestrough AND christmas lights was a success. Yes, my lights are up, No they are not on, and No it's not too early. $fb
2011-10-11	now that i have a shipping # for the iPhone..i am checking it religiously..it's borderline crazy..also Ozil..how so awesome?? $fb
2011-10-12	$fb people views on #andriod -> Review: Motorola Xoom - IT News Africa http://bit.ly/oJQGnS
2011-10-12	$fb people views on #andriod -> HTC Evo 3D Review - The Hindu http://bit.ly/pzp4bx
2011-10-12	$fb people views on #andriod -> iOS 5 Review - SlashGear http://bit.ly/mYDDTK
2011-10-13	We only GET people that ACTUALLY FOLLOW! Follow the #GATrain = @QuinsHouse @BEAZZYB @Ooowwee_EffYou @_Babyyyy @OMG_itsFoxx
2011-10-13	@HBIC_VonnieB $fb
2011-10-13	$fb people views on #andriod -> App Review: Go Launcher EX - The Mobile Indian http://bit.ly/pEZvFP
2011-10-13	$fb people views on #andriod -> Review: Samsung Galaxy Tab 10.1 - JOE http://bit.ly/pCnPYB
2011-10-13	@Batts1017 <<< nowfollowing $FB pls
2011-10-13	$GOOG 558.99 $APPL 408.83 $FB .....??? (coming 2012)
2011-10-13	@GAFollowers $nf @QuinsHouse @BEAZZYB @Ooowwee_EffYou @_Babyyyy @OMG_itsFoxx $fb
2011-10-13	$fb people views on #andriod -> HTC Titan Review - SlashGear http://bit.ly/nPgg71
2011-10-13	$fb people views on #andriod -> Review: Sony Tablet S - http://Siliconrepublic.com http://bit.ly/od2dPC
2011-10-13	$fb people views on #andriod -> Pioneer AppRadio review - Engadget http://bit.ly/qGeFHY
2011-10-13	@Butterflys_Calm #NF $FB
2011-10-13	Done RT @HellaMula: @Butterflys_Calm #NF $FB
2011-10-14	$fb people views on #andriod -> Apple iPhone 4S (64GB, white, AT&T) - CNET http://bit.ly/qDVfS2
2011-10-14	RT @DamnItsTrue: #ARealBoyfriend remembers your birthday, holds your hand and makes you feel special. $fb
2011-10-14	$fb people views on #andriod -> LG G2x review for T-Mobile - DroidGamers http://bit.ly/oWVlLs
2011-10-14	#drupal fb_get_friends($fbu, $fb_app = NULL) A convenience method for returning a list of facebook friends. http://bit.ly/q6fdbr
2011-10-14	$fb people views on #andriod -> Samsung Galaxy S II (T-Mobile): Full Review - LAPTOP Magazine http://bit.ly/r44lX6
2011-10-15	“@arrington: SecondMarket Facebook Auction #43 Fails 2 Clear Any Shares: http://uncrunched.com/2011/10/14/secondmarket-facebook-auction-43-fails-to-clear-any-shares/…” Not much of an auction w/ a high reserve. $FB
2011-10-15	$fb people views on #andriod -> Apple iPhone 4S (64GB, white, Verizon Wireless) - CNET http://bit.ly/oX9r5H
2011-10-15	$fb people views on #andriod -> Review: Apple iPhone 4S - Times of India http://bit.ly/pFi2bn
2011-10-15	Just finished watching "How to train your dragon" What a great movie! A little scary for the DS, but fabulous for DH and I! $fb
2011-10-15	$fb people views on #andriod -> HTC Amaze 4G review - Engadget http://bit.ly/qrH9we
2011-10-16	$fb people views on #andriod -> Top AppAdvice News And Apps Of The Past Week - AppAdvice http://bit.ly/puu4d4
2011-10-16	$fb people views on #andriod -> Android App Tablet Review: Google Books - Android Apps Appolicious http://bit.ly/oT3euB
2011-10-16	@xrabiakx $FB
2011-10-16	$fb people views on #andriod -> Goondu Review: Windows Phone 7.5 is now a serious contender - Techgoondu http://bit.ly/o6w5Tf
2011-10-17	$fb people views on #andriod -> Apple iPhone 4S review - BGR http://bit.ly/qADcrW
2011-10-17	$fb people views on #andriod -> Android App Video Review: Air Penguin - Android Apps Appolicious http://bit.ly/pwCELR
2011-10-17	$fb people views on #andriod -> iYogi Reviews: Top 5 Halloween Apps for Smartphones - SBWire (press release) http://bit.ly/oWIqd7
2011-10-17	#NF @Bouta_StartShit $Fb
2011-10-18	$fb people views on #andriod -> Motorola DROID Bionic and HD Station Dock Review - The Gadgeteer http://bit.ly/r5JAgJ
2011-10-18	$fb people views on #andriod -> HTC Rhyme Review: Hardware, pH-Balanced - TIME http://bit.ly/oE8dKz
2011-10-18	#Nf @ARichManFantasy $fb
2011-10-18	$fb people views on #andriod -> ChatON App for Android Goes Global - Phones Review http://bit.ly/pI2qFI
2011-10-19	$nf @HaffHoneyKisses $fb
2011-10-19	@valuewalk @StrubelInvest just ignore the fact that the last FB private auction was bidless, and FB is the premier co in that brood
2011-10-19	@BarbarianCap @StrubelInvest I hear Balmer wants to do an LBO of $FB $GRPN and $YHOO all cheap based on EBITDARDSGACOGS
2011-10-19	Its a celebration 2nite $FB just copped da Winnebago van wait til its out da shop Bitches! Plz wen u get in take ya shoes off!
2011-10-19	$fb people views on #andriod -> ET Review: Spice MITab - Economic Times http://bit.ly/r6FPOG
2011-10-19	$fb people views on #andriod -> Samsung Galaxy Nexus review - http://Wired.co.uk http://bit.ly/rmjHfz
2011-10-19	$fb @PrettyNBadAF #fb
2011-10-19	$fb people views on #andriod -> Sandy Berger: Choosing Between iPhone and Android - Southern Pines Pilot http://bit.ly/pYvqD4
2011-10-20	@MsTerryMcMillan $fb real talk
2011-10-20	$fb people views on #andriod -> Nokia N9 review: MeeGo's moment in the sun - TechCentral http://bit.ly/nz8SgC
2011-10-20	Did he re-enter or did he not? C'mon, its the shadow! --> http://tinyurl.com/6g85hj8 $fb $$
2011-10-20	$fb people views on #andriod -> REVIEW: iPhone 4S - Technology Spectator http://bit.ly/nnNppx
2011-10-20	$fb people views on #andriod -> Android App Video Review: Puffle Launch - Android Apps Appolicious http://bit.ly/rlKJba
2011-10-20	$fb people views on #andriod -> HTC Radar review - http://FoneHome.co.uk http://bit.ly/nws2aq
2011-10-20	$fb people views on #andriod -> Review: Nokia N9 - http://iAfrica.com http://bit.ly/pBD1iq
2011-10-20	@CurvaceousCandy NF:-) $FB
2011-10-20	$fb people views on #andriod -> Motorola Droid Razr (Verizon Wireless) - CNET http://bit.ly/qY3tvQ
2011-10-20	$fb people views on #andriod -> RIM Addresses BlackBerry Outage, Offers $100 of Free Apps - PCWorld http://bit.ly/oAlUlM
2011-10-20	$fb people views on #andriod -> Review: iCloud 'just works' for songs, so far - http://IBNLive.com http://bit.ly/nYlpaJ
2011-10-20	@SteezBayBay $FB
2011-10-20	$fb people views on #andriod -> Google Launches Android 4.0 (Ice Cream Sandwich) - TrustedReviews http://bit.ly/nZFu9A
2011-10-21	$fb people views on #andriod -> Review: Sony Ericsson Xperia Arc S - JOE http://bit.ly/p1hJua
2011-10-21	Le WILD transige avec Rivière du Loup: Frédérik Côté s’amène à Windsor en retour de Guillaume Veilleux - http://bit.ly/oCzPkk $fb
2011-10-21	@kimmyyBADD $fb
2011-10-21	$fb people views on #andriod -> Android 4.0 Ice Cream Sandwich complete guide - SlashGear http://bit.ly/oewb8t
2011-10-21	$fb people views on #andriod -> Archos 80 G9 review - CNET UK http://bit.ly/rcT5tA
2011-10-21	$fb people views on #andriod -> http://hotel.info App now available in 12 new languages - ITCM http://bit.ly/quGT7U
2011-10-21	$fb people views on #andriod -> Apple iPhone 4S (Verizon Wireless): Full Review - LAPTOP Magazine http://bit.ly/oM9F5Z
2011-10-21	@MONIQUEIAM $fb real talk
2011-10-21	$fb people views on #andriod -> Review: Living with the Motorola XOOM - gearburn http://bit.ly/pmFmdk
2011-10-21	$fb people views on #andriod -> ASUS Eee Pad Slider Review - SlashGear http://bit.ly/nrUaIN
2011-10-21	$fb people views on #andriod -> Android App Video Review: Jelly Defense - Android Apps Appolicious http://bit.ly/n3RRko
2011-10-21	Early mornin grind! Idk what dey do......But we gone get dis Money! $FB Hoe #WTF u thought!
2011-10-22	$fb people views on #andriod -> HTC Rhyme Review - http://Phandroid.com http://bit.ly/qQSeU4
2011-10-22	$fb people views on #andriod -> Review: Huawei X1 on Telecom XT network - http://Stuff.co.nz http://bit.ly/oi12BF
2011-10-22	$fb people views on #andriod -> Ice Cream Sandwich allows you to hide apps – but so does the Motorola RAZR - SlashGear http://bit.ly/rczdk7
2011-10-23	$fb people views on #andriod -> Remember the Milk for Android Review - BetaNews http://bit.ly/pBJjbG
2011-10-23	@ToniceJTaylor $fb#rt
2011-10-23	@missjassi_babi GM cuttie $fb
2011-10-23	$fb people views on #andriod -> Review: iCloud 'just works' for songs - USA Today http://bit.ly/oTpxsi
2011-10-23	sort of had a bit of a long nap sorry. jimmy J and the rewind mix will be on in about 5 minutes or so $fb
2011-10-23	$fb people views on #andriod -> Texas Tech Football & Red Raiders Sports via Apps - Phones Review http://bit.ly/q5shgv
2011-10-23	$fb people views on #andriod -> Nokia N9 Review - SlashGear http://bit.ly/oM2a8t
2011-10-23	RT @mikemizzie30 @missjassi_babi GM cuttie $fb
2011-10-24	$fb people views on #andriod -> Samsung Galaxy Nexus - CNET UK http://bit.ly/pFLptg
2011-10-24	$fb people views on #andriod -> A Review of Penny Parlor for Android - Android Apps http://bit.ly/pi1ufi
2011-10-24	$fb people views on #andriod -> RIM use of BBX raises trademark ownership claim - Phones Review http://bit.ly/vpqDjS
2011-10-24	@stevenmoran Much Thanks $FB!!!
2011-10-25	$fb people views on #andriod -> TripAdvisor mobile guides smartly steer tourists - USA Today http://bit.ly/tBOiqP
2011-10-25	#Tears are the lubricant that helps seal a broken or cracked heart... #Cry if you need to but dont cry alone! Talk it out! $fb
2011-10-25	#NF @MONEYMAKNBPARKS $FB Biggie smallz
2011-10-25	@CelestialAxis Woo hoo! Please "like" the $FB page -- http://facebook.com/ItalianWomenProject… :)
2011-10-25	@ItalianWomenSay Just so you know, I'm Italian-American and interested in helping. :)
2011-10-26	Wow! Dat zou pas een vette #occupy actie zijn: Overstappen van de Euro naar de $FB @Fellinger #eurotopslapers
2011-10-26	@Mwendwachelsea u dint get my inbx| $fb
2011-10-26	Overstappen van de Euro naar de $FB: Facebook Working With Developers To Test Its Credits For Websites http://bit.ly/sivZgi
2011-10-26	RT @TheNoteboook: If you can't handle me at my worst, you sure as hell don't deserve me at my best. $fb
2011-10-27	“@bzzagentjono: What # are you of the 7 billion people on Earth? I'm 4,023,706,377th. You? http://ow.ly/7aKm5” I'm 3,658,594,895th $fb
2011-10-27	El espacio es un lugar tan vacio...! $fb
2011-10-27	Writing this lab report for the second time... God forbid if anything should happen!!! $fb
2011-10-27	-_- $fb
2011-10-28	ITS PROTOGE TIME ....TUNE IN TO CAPITAL FM FOR MORE ELECTRO, TRANCE & HOUSE MUSIC NYT ALL NASSER TO HIS FRIENDS $FB
2011-10-28	Höre gerade, Franz Ringel ist vor 4 Stunden in Graz gestorben. Er war einer der Besten. $fb
2011-10-28	EarthQuake Strikes Peru Ritcher Scale Shows 6.9 Mag $fb
2011-10-29	*drum roll*RT @jaguda_dotcom: Blazing Hot New Music: 2shotz – Jobiokoto ft. Rayce $fb http://bit.ly/u1ICbf
2011-10-29	RT @jaguda_dotcom: Blazing Hot New Music: 2shotz – Jobiokoto ft. Rayce $fb http://bit.ly/u1ICbf
2011-10-29	im confused why #follwing nd am $FB friends with some of these people -___- #deleting spree
2011-10-29	RT @Nastizzey: *drum roll*RT @jaguda_dotcom: Blazing Hot New Music: 2shotz – Jobiokoto ft. Rayce $fb http://bit.ly/u1ICbf
2011-10-29	Speak genuinely, listen fully ~~~ Shambhala Slogan $fb
2011-10-29	Blazing Hot New Music: 2shotz – Jobiokoto ft. Rayce $fb http://bit.ly/u1ICbf
2011-10-30	Sometimes you feel like you're living in a cave when the internet goes down $fb
2011-11-02	This is a funny picture @SocialMediaSort $GOOG $LNKD $FB http://goo.gl/amQB5
2011-11-03	#drupal fb_get_fbu($uid, $fb_app = NULL) Given a local user id, find the facebook id. http://bit.ly/vm69Zf
2011-11-03	Where should you post your updates? RT @valuewalk: This is a funny picture @SocialMediaSort $GOOG $LNKD $FB http://goo.gl/amQB5
2011-11-04	@_SiMPLYTOi $FB
2011-11-04	Today is ALL that ever counts in investing. Who wants to live in the past? $FBCD $FBCD $FBCD $FBCD $FBCD $FBCD $FB http://investorshub.advfn.com/boards/read_msg.aspx?message_id=68693581…
2011-11-04	Whoa $GRPN, very nice. Can't wait to see $FB follow in your profitable footsteps. http://quotes.wsj.com/GRPN
2011-11-05	335 1q booneville 7 mena 6 time out booneville 4-and-11 at Mena 25 #arpreps $fb
2011-11-05	$NF @Sih_MOHN $FB
2011-11-06	Superman II - The Richard Donner Cut is so much better than the original version. I hate all that slapstick rubbish $fb http://amazon.com/gp/product/B000IJ79WU/ref=as_li_ss_tl?ie=UTF8&tag=unletandordin-20&linkCode=as2&camp=217145&creative=399369&creativeASIN=B000IJ79WU…
2011-11-07	Interesting read...Jason Gay: Taking Yogi Berra to 'Moneyball' - http://goo.gl/smdVF http://goo.gl/iUtZE $FB $$
2011-11-08	“@TheNextWebAsia: Facebook reveals plan to build a cloud-based data centre in Taiwan http://tnw.to/1Bjnh by @jonrussell” $FB
2011-11-08	Me lo perdí, no alcance a ver a Hayley en PFC Chat :( $fb
2011-11-08	New value walk Google + PAGE You all MUST join http://goo.gl/sf7fF $goog $fb
2011-11-09	Laxman need to slow down a bit now $fb
2011-11-09	I'M TRYIN TO GET THE SWING OF TWITTER!!!! NEED MORE FOLLOWERS....AND I WILL $FB
2011-11-09	Thanks for the info $FB, $STKO gonna be huge and i should have got a position in $MILV @ .07s.... http://investorshub.advfn.com/boards/read_msg.aspx?message_id=68811770…
2011-11-10	Bottles of dat XO! $FB at it again! puss ass crackers can't hold me down!
2011-11-10	MOMO's: TechnoAnalyst: $STKO - $FB,$ STKO isn't done...it's just getting http://dlvr.it/vTFz1
2011-11-10	$STKO - $FB, $STKO isn't done...it's just getting started...big buying will start coming in...IMO! http://investorshub.advfn.com/boards/read_msg.aspx?message_id=68854151…
2011-11-10	The 500-shareholder rule to be scrapped for 2000-rule!Has $FB/Goldman written this bill? http://finance.fortune.cnn.com/2011/11/08/ending-the-500-shareholder-rule/… #backfire #magicnumber #500
2011-11-10	Via @allthingsd - - - Amazon Fire Will Have Facebook, Pandora, and Netflix, Too @pkafka http://dthin.gs/s4otoo $P $NFLX $FB
2011-11-11	@nymphomatic $fb$
2011-11-13	@playurcardsrite $fb
2011-11-13	@mustardgreans $fb
2011-11-14	Una injusticia que avergüenza http://elclarin.cl/web/index.php?option=com_content&view=article&id=3056:una-injusticia-que-avergueenza&catid=13:politica&Itemid=12… $fb
2011-11-15	#drupal fb_stream_publish_dialog($params, $fb_app = NULL) Publish to a user&#039;s stream, or update their status. http://bit.ly/t4Cjx8
2011-11-15	gotta hand it to 'em. $FB banking on our swag. RT @nickbilton Facebook Timeline Bumps Online Narcissism Up a Notch:
2011-11-15	@Suckmy_Tweets12 $fb
2011-11-15	RT @AkosiBobOng: "Lagi na lang si PACQUIAO nananalo, ako kaya? Kailan MANANALO diyan sa puso mo?" #BOBnat $fb
2011-11-16	It never ceases to amaze me that I design announcement slides for my church on an 11" MacBook Air & they get displayed on a 48' screen. $fb
2011-11-16	$tocktwit$ StockTwits: Inside LinkedIn, Facebook and Twitter http://stks.co/190Y $LNKD $FB... http://bit.ly/tfDxIY #stocks #MKT #charts
2011-11-16	CBF volta atrás e remarca clássico... Palmeiras x São Paulo para o Pacaembu. $fb
2011-11-18	เป็นการนอนที่อิ่้มมากกกกกกกกกกกก $FB
2011-11-19	Aight we FINALLY over the hump na! 52%+climbing! $fb
2011-11-19	“@Moni_Mother: Nf @464_TrellB $fb bug lol..” u so lame lol
2011-11-19	Nf@PureCocaine_ $fb :-)
2011-11-19	Nf @464_TrellB $fb bug lol..
2011-11-20	And i know Drake HAD to put Wayne and Nicki on the album. But they actually feel out of place on it. $fb
2011-11-21	$BMSPF thanks $FB, will be putting it on watch tonight... http://investorshub.advfn.com/boards/read_msg.aspx?message_id=69193953…
2011-11-22	$FB r u nuts?In case you don't knw; My BB can post & check wall updtes,chats etc.I bet u r doing it to integrate video chat,thats all.#buffy
2011-11-23	God help me, I'm flying to Reno at butt early in the morning from BWI on Christmas Day. $fb
2011-11-23	RT Lo que se aprobó es una condiciones para el regreso a clase, luego las garantías académicas y fechas son sujetas a cada facultad. $fb
2011-11-24	@The_OBG_Why_In $Fb
2011-11-24	Fuck all da food just give me bottles of da brown XO and im good Happy Drunk Day! From Chevy and $FB and Triple M Empire
2011-11-24	Liberal violence rising – Patriot Update http://bit.ly/uiNCar ~Great example of lib. mindset of tolerance only if we agree with them! $fb
2011-11-25	Crazy thought: there are people camped out at Walmart RIGHT NOW. i couldn't imagine doing that. $fb
2011-11-25	Central play 2nite! Ya'll know Chevy and $FB gone be dere live and in effect! #Rocket4Life
2011-11-26	Big Chevy on 24's got dese eaters breaking dey neck! Triple M Empire $FB is da Team
2011-11-26	@CidneyJarne $fb cidster
2011-11-27	Creo que Picachu está lanzando impactruenos jajajja $fb
2011-11-27	@AYE_shantee $FB
2011-11-28	Si estas Aburrido Pegate un Tiro Jakjka -.- Eche $Fb
2011-11-29	Facebook plans $10B raise @ #IPO http://bit.ly/tTvCUf [like I said. zuck won't sell more than 7% of $fbook. I see where he's going. w00t] :)
2011-11-29	SUPREME TEAM $FB @trinithick @1st_Ladi_Always @Reddbastad @pretty_peach22 @1love201 @2011KEDA @RoRoMagic34 @beach18559 @Skip955 @k3nnysm1th
2011-11-29	@EghosaO why 7 vs 6 or 9? $fb
2011-11-29	@Reddbastad @pretty_peach22 @douanywhere @1love2011 @2011KEDA @beach18559 @Skip955 @k3nnysm1th (cont) http://tl.gd/eesigv
2011-11-29	Facebook Plans $10 Billion IPO At $100 Billion Valuation Next Spring http://read.bi/u1yFyw $FB
2011-11-29	Get Ready for a Facebook IPO! But would $FB issue shares directly to retail investors? http://invs.to/sa6NLc
2011-11-29	$FB options will be smoking... $Put side down.
2011-11-30	Life... in an Ikea catalog: http://io9.com/5863616/an-unnerving-short-film-about-life-inside-the-ikea-catalogue… $fb
2011-11-30	$FB
2011-12-01	If $FB debuts at $40-45 a piece,its possible tht it'll be gutted to $15 levels within 30 days,after reaching highs of $70
2011-12-01	How your #Facebook status could put you out of work #law $FB http://fb.me/1i0YsyWkx
2011-12-03	But an old leg wasted it..#cfc $fb
2011-12-07	$FB? Facebook running placement program in Bangalore soon after Linked in ($LNKD)
2011-12-08	Orchids Holiday Lunches are in full swing! Today and tomorrow - 3 courses $35 - 11:30am-1:30pm. Reservations suggested 513-421-9100 $fb
2011-12-09	@ALVERLiiN_x3 GEMELAAh TiiRAMEEh IMBOX; EN $FB JUYEEE TE WUAA DECii ALGOOh;$
2011-12-09	@DavidTutera need 2 discuss business $Fb @thugdiva1 I have???s :-)~
2011-12-10	Rockers Orlando bound again! $FB in da building! Triple M(Millionaire Minds Mafia) Empire
2011-12-10	ya estoy cansada de subir fotos a la #pg mañana subo las fotos a la cuenta de $fb dl #fc
2011-12-10	SIGAN A ESTA CUENTA MUY BUENOS Twreets Siguela que esperas RECOMENDA DEL DIAAAAAA:! Esta BONITA ADEMAS @VaneIguaran x $FB*
2011-12-10	@eMusic, you have a problem. "Kanye West," "kanye west," KANYE WEST" all return no results. Yet I've saved one of his albums..? $fb
2011-12-11	Bridge Playset was made in 1993 by Playmates for the Star Trek Next Generation television series http://ebay.com/itm/SEALED-Star-Trek-Next-Generation-Enterprise-1701-D-Bridge-Playset-Playmates-MIB-/200684711774?pt=LH_DefaultDomain_0&hash=item2eb9bdaf5e… $fb #startrek #bridge
2011-12-13	Road Trip Orlando its official now! $FB gone be dere! Chuck da duces if ya see me!
2011-12-13	#ConcursoGuapas@magrazziaviera $fb
2011-12-15	#nf my friend @Bentlington $fb
2011-12-15	RT @BeautifulSins_: #nf my friend @Bentlington $fb [Now following back]
2011-12-16	Da $FB squad on da road in da winnebago on 4's! @BILLYBLUE305 got us slidin right now
2011-12-16	Facebook's Timeline now available on Android and mobile web - http://goo.gl/news/BfAA $FB #Facebook #Android
2011-12-18	Wii Message i had cheese omelettes $fb
2011-12-19	Many thanks for having me this morning @Varneyco @foxbusiness ! $FB $ZNGA $$
2011-12-21	#nf @The_GirlUWanaB @Forever_Nasir @___BOSSY $fb #tfb!! :)
2011-12-21	$FB @Iammaddmoney
2011-12-21	Is Siri Apple's Newton? $Fb
2011-12-21	How #Facebook Can Hurt Your Credit Rating http://stks.co/1dC6 $FB
2011-12-21	$FB, Triple M(Millionaire Mind Mafia) Empire be the Team! #Takeover
2011-12-23	Ahorita Mama Gina me esta contando la historia!!! $FB
2011-12-24	Wow!!! (@ Apple Store) http://4sq.com/rMCAg6
2011-12-24	@jack728 Why are you at work!! $fb
2011-12-26	Para kang NBA FINALS, kasi ma-DALLAS kitang iniisip kahit MIAMI akong ginagawa. $fb
2011-12-27	Seriously how hard is it to empty a bucket o.O $fb
2011-12-28	Allow God to take full control of your life. Learn to trust Him! Surrender your will to His will and follow Him closely. ~Huithiang $FB
2011-12-28	Ending the year by paying bills. Woo-hoo, do I know how to party or what?!!! $fb
2011-12-29	na everyday $fb wanna upgrade
2011-12-30	"Morgan Stanley & Goldman Sachs, banks battle for $220M share of $FB IPO in Early 2012 http://goo.gl/CX5ar" http://tradefields.com/fb/wallposts/8/fb/wallposts/8336…
2011-12-31	RT @iancr: Andreesen's predictions 2012: "Software is eating the world" http://awe.sm/5c8oY <<4 horsemen of apocalypse $AMZ $GOOG $FB &APPL
