2010-12-30	MIPS: IBD Sees Riding Android Wave; Huh? - Tech Trader Daily - Barron's $MIPS $ARMH $INTC $NVDA $QCOM $TXN $MRVL $GOOG http://bit.ly/gmcb8w
2010-12-30	Why Microsoft Should Buy Nokia Instead Of RIM $MSFT $NOK $RIMM $GOOG by @MattRosoff http://read.bi/f7gIU0
2010-12-30	Google Product Delays May Cause Downside http://seekingalpha.com/a/58dl $GOOG
2010-12-30	Hello, $MSFT $GOOG $AAPL http://mktsentiment.com Market Sentiment in Twitter correaltion with... check out ad http://tinyurl.com/28fugv9
2010-12-30	Apple Should Make A 7" Tablet, Says Android Guy Tim Bray $AAPL $GOOG by @jyarow http://read.bi/fbMApu
2010-12-30	Citigroup Sees Google As 2011 Top Internet Pick For Large Cap; Also Likes Amazon, Priceline $GOOG http://bit.ly/grA5HR
2010-12-30	3 Ingredients for Growth http://cnbc.com/id/40852320 $AAPL $CRM $GOOG #StockPicks #StockMarket
2010-12-30	10 Things You Need To Know This Morning $AAPL $T $VZ $RIMM $GOOG $NOK $MSFT $BKS by @jyarow http://read.bi/hE5wnI
2010-12-30	.@pkedrosky i dont get the math re: the valuation. maybe i'm just slow. i'd note that if the $goog scuttlebutt was true, only $3.4B was real
2010-12-30	Here's Why Google Won't Become A Wireless Carrier $GOOG $VZ $T by @MattRosoff http://read.bi/gPHuSs
2010-12-30	Groupon Raises More Than Half of $950 Million Round http://bit.ly/hexri7 $AMZN $GOOG
2010-12-30	: $MSFT $GOOG $AAPL http://mktsentiment.com Market Sentiment in Twitter correaltion with stock price spon http:... http://bit.ly/flxPOX
2010-12-30	Hey, The Nook Isn't A Failure $BKS $AMZN $GOOG by @MattRosoff http://read.bi/dGVetR
2010-12-30	RT @alleyinsider: Here's Why Google Won't Become A Wireless Carrier $GOOG $VZ $T by @MattRosoff http://read.bi/gPHuSs
2010-12-30	Your First Move For Friday December 31st http://bit.ly/ewLZ5d $AMZN $BP $CHF=X $EXC $GOOG $MS $PCLN $TGT #TheNegotiator:GuyAdami
2010-12-30	i was in the middle of some work on $GOOG when i saw the @howardlindzon tweet ~ it's distorting my analysis
2010-12-30	What about $1,000? RT @howardlindzon: In 2011 if $goog goes to 900 I will shave my head and donate 10k to cancer research.
2010-12-30	RT @alleyinsider: 10 Things You Need To Know This Morning $AAPL $T $VZ $RIMM $GOOG $NOK $MSFT by @jyarow http://bit.ly/g9JFxw
2010-12-30	Here is how the prudent IBD reader would play $GOOG - complete w/ buy point info - http://ow.ly/3vUD0 $$
2010-12-30	Surprise! B&N Says Nook Best-Selling Product Ever - Tech Trader Daily - Barron's $BKS $AMZN $AAPL $BGP $SNE $GOOG http://bit.ly/ggG1Vb
2010-12-30	Wow: Facebook "holds commanding lead in search" & is now the web's most visited site http://bit.ly/fq8AXk $FBOOK $GOOG
2010-12-30	THE GOOGLE INVESTOR: Will Google Become Your Next Mobile Carrier? $GOOG by @hleonard76 http://read.bi/gowkn9
2010-12-30	“@alleyinsider: Apple Should Make A 7" Tablet, Says Android Guy Tim Bray $AAPL $GOOG by @jyarow http://read.bi/fbMApu” I agree.
2010-12-30	Here is how the prudent IBD reader would play $GOOG - complete w/ buy point info - http://ow.ly/3vP77 $$
2010-12-30	RT @alleyinsider: Facebook Got More Visitors Than Google Search In 2010 $GOOG $YHOO by @MattRosoff http://read.bi/e2K0iO
2010-12-30	Skype IPhone Service May Speed Adoption of Mobile Video Calling http://bit.ly/eWyjqc $AAPL $GOOG
2010-12-30	While China forbids VOIP RT @BloombergNow: Skype IPhone Service May Speed Adoption of Mobile Video Calling http://bit.ly/eWyjqc $AAPL $GOOG
2010-12-30	Google as a Wireless Carrier: It's Just a Matter of When They’ll Try http://seekingalpha.com/a/58fm $GOOG
2010-12-30	Interested to see if $GOOG targeting local biz w/US$100M in AdWord credits is @Groupon smackback. Local media cringes! http://tcrn.ch/f26quZ
2010-12-30	So Much for FREE!: Apple Will Sell $2 Billion in Apps in 2011 http://seekingalpha.com/a/58fn $AAPL $GOOG
2010-12-30	GOOG, AMZN, PCLN Top Internet Picks, Says Citi - Tech Trader Daily - Barron's $PCLN $AMZN $GOOG $BIDU $YHOO $MSFT http://bit.ly/ftWFxM
2010-12-30	If this holds throughout next year the seat change has begun $GOOG $FSBK Facebook Got More… http://goo.gl/fb/7cdHK
2010-12-30	Frowning at Groupon's rejection of 6 BLN$ from $GOOG as something that may well go down with $YHOO's rejection of $MSFT's 44.6 BLN$ offer.
2010-12-30	CNN: Kovacevich (Google) & Barnett (Expedia) - Google Buying ITA http://me.lt/3TF5h $GOOG
2010-12-30	Tho local media unaware, other players fighting back w/ @YEXT on tag alliance to smackback $GOOG US$100M free AdWords http://tcrn.ch/dXploS
2010-12-30	Bought $GOOG Jan07 600 $CALL's @6.00, odds are money will find big cap tech stocks in Jan and GOOG is under-owned relative to $AAPL
2010-12-30	Groupon Could Go Public by End of 2011 http://bit.ly/iazvMu $GOOG $MS $TROW $YHOO #e-commerce #Marketing #PoliticsGovernment #StockMarket
2010-12-31	Tablets: One Of The Bright Spots in ‘11, Says Caris - Tech Trader Daily - $AAPL $RIMM $HPQ $DELL $GOOG $INTC $MSFT http://bit.ly/gtR3Nf
2010-12-31	RT @atul: Meet the first $100 Android phone - Google 24/7 - Fortune Tech http://me.lt/9i0C2 $GOOG
2010-12-31	2011: The Year of The Tablet -- Apple's Tablet http://bit.ly/ibrLsd $AAPL $GOOG
2010-12-31	ViewSonic To Show Tablet Computer With Phone Functions At CES $GOOG http://on.wsj.com/ij79kx
2010-12-31	i think $goog is less volitile than $scok pretty funny
2010-12-31	$MSFT $GOOG $AAPL http://mktsentiment.com Market Sentiment in Twitter correaltion with stock price promo http://tinyurl.com/2bjbshn
2010-12-31	Facebook Tops Google as Most Visited Site in US http://cnbc.com/id/40863444 $GOOG #Facebook #Internet #Technology
2010-12-31	$GOOG sold another block Jan11 530.00/540.00 Put credit spread for .94 today to get full position now -www.trademonster.com/pt
2010-12-31	10 Things You Need To Know This Morning $AMZN $GOOG $AAPL by @jyarow http://read.bi/hHyBlY
2010-12-31	NetNet: Words We Need to Ditch in the New Year http://cnbc.com/id/40864709 $GOOG
2010-12-31	$MSFT $GOOG $AAPL http://mktsentiment.com Market Sentiment in Twitter correaltion with stock price promo http://tinyurl.com/29rdot7
2010-12-31	Why Microsoft Should Buy Nokia Instead Of RIM $MSFT $NOK $RIMM $GOOG by @MattRosoff http://read.bi/gCK7Dx RT @alleyinsider
2010-12-31	@biggercapital how do you like your galaxy tablet?
2010-12-31	Some stocks being taken down for drill on low volume: $GOOG $FFIV
2010-12-31	im not going to hold my $GOOG $PUTS over the holiday, I am selling now at low of day, start fresh next year, Happy New Year to all
2010-12-31	Tidbits: Facebook’s Ascent, Apple’s iPad Quarter - Tech Trader Daily - Barron's $AAPL $GOOG $YHOO $EBAY $AMZN http://bit.ly/hjGHla
2010-12-31	RT @alleyinsider: 10 Things You Need To Know This Morning $AMZN $GOOG $AAPL by @jyarow http://read.bi/hHyBlY
2010-12-31	$GOOG @ 10 day low! = ALL HI FLYERS GETTING KILLED AND 3gold pop MEANS INFLATION! $SPX #forex
2010-12-31	4 Tech Names Every Investors Must Watch, Says Colin Gillis http://bit.ly/fo7Iru $GOOG $MSFT $RIMM $YHOO #FastMoney #StockMarket
2010-12-31	$GOOG pulling out of my JAN 610 $CALL 's here - will take a 11 -12% loss - will revisit
2010-12-31	Meet the first $100 Android phone - Google 24/7 - Fortune Tech http://me.lt/9i0C2 $GOOG
2010-12-31	$GOOG great CES 2011 play should run up into Jan 6-9 show next week.
2010-12-31	Interesting to see $NFLX $CMG $PCLN $AAPL $GOOG $AMZN $BIDU all down today while metals and oils higher $$
2010-12-31	"Good Read: Why Microsoft Should Buy Nokia And Not RIM ($MSFT, $NOK, $RIMM, $GOOG)" - http://is.gd/jOudC #Nokia #MicroSoft #mobile
2010-12-31	Bought top end of my $GOOG call spread and added another $GOOG $600
2010-12-31	$GOOG's Chrome OS & the Nissan Leaf have range anxiety & are years ahead of their time. Meantime, bridges like Android & $GM's Volt win out.
2010-12-31	Android Tablet From Coby Came Pre-Loaded With Porn -- Ruined Christmas For A 12 Year Old Girl $AAPL $GOOG by @jyarow http://read.bi/eKf5yv
2010-12-31	$BGP news makes me realize...The intelligence power of $amzn $goog $aapl is going to crush a few
2010-12-31	@ZipperTheory Galaxy tablet is very good although very expensive. I like the smaller size compare to an ipad $GOOG
2010-12-31	Caris Sees Apple Selling 36M iPads in '11; Tablet Market to More Than Triple $GOOG http://bit.ly/dUuz6T
2010-12-31	Groupon Raises More Than Half of $950 Million Round http://bit.ly/hexri7 $AMZN $GOOG /via @BloombergNow
2010-12-31	Blair Says Google Can Compete With Apple in Tablets http://youtube.com/watch?v=L1QkW8Is4k4… via @youtube $SPY $QQQQ $GOOG $AAPL $AMZN $RIMM $HPQ
2010-12-31	Who is the winner in the $AAPL iPad vs $GOOG Android tablet wars? $ARMH
2010-12-31	http://profit.ly/1MmFEM New position in $GOOG jan530/540 credit put spread, 2nd block- close before earnings either way
2010-12-31	Elliptic Labs Allows Navigation Through The iPad Using Hand Gestures $GOOG http://bit.ly/e0F4ZD
2010-12-31	Borders Says Liquidity At Risk: Bloomberg - Tech Trader Daily - Barron's $AMZN $AAPL $BGP $BKS $SNE $GOOG http://bit.ly/hPZC2N
2010-12-31	Hot Products at CES: Tablets, Apps and Mobile Devices http://bit.ly/gv9H0Q $AAPL $GOOG $MSFT $NFLX $RIMM $VZ $WMT #Television #Media
2010-12-31	can $GOOG (and other leading lights) get big and stay innovative? http://bit.ly/e50FHV
2011-12-30	2011: The Year In Tech http://seekingalpha.com/a/6sg9 $AAPL $GOOG $AMZN $LNKD $NFLX $P $GRPN $YNDX $ZNGA $RENN $TUDO $T $MMI $MSFT $EBAY
2011-12-30	@Edu_Muniz_ ComScore: Apple Is Growing, But It's Not Even Close To Catching Up With Android $AAPL $GOOG $RIMM http://read.bi/sOg7s5
2011-12-30	$fbook vs $goog http://forbes.com/sites/afontevecchia/2011/12/30/facebook-vs-google-the-battle-for-internet-dominance/… my bet's on $fbook
2011-12-30	$GOOG Leads $AAPL in One Key Area http://stks.co/1iyL
2011-12-30	By the numbers: Mobile apps in 2011 - http://bit.ly/u1oOqk @gigaom. cc @stevegillmor @jtaschek $AAPL $GOOG $MSFT #CIO #IT #CoIT
2011-12-30	Here Are The Best Android Apps You Missed This Week $GOOG by @stevekovach http://read.bi/vDNRDy
2011-12-30	"Its not safe to buy a Microsoft mobile phone - 400,000 apps that aren't shipping on it." @Scobleizer $MSFT #IT #CIO $GOOG $AAPL
2011-12-30	16 predictions for mobile in 2012 - wearable computing... http://bit.ly/thlHDz @gigaom. #IT #CIO #CoIT $AAPL $GOOG $MSFT $AMZN
2011-12-30	Android, Apple own 76% of U.S. smartphone market - http://bit.ly/vRcnlp. $GOOG $AAPL $RIM $MSFT #CIO
2011-12-30	Search Wars 2012: Google Returns To The Dark Side http://seekingalpha.com/a/6sfx $YHOO $MSFT $BIDU $GOOG
2011-12-30	NASDAQ Shorts http://wll.st/vmVOY9 $SIRI $CPST $AAPL $CSCO $DELL $ESRX $GOOG $INTC $MSFT $MU $NDAQ $RIMM $P $WAG #mkt #stocks
2011-12-30	$GOOG breakout means big tech/digital media breakout. Jives w my thesis... @howardlindzon: The best thing about $goog breaking out.... #in
2011-12-30	$GOOG creeping to HOD here during lunch WKLY 12/30 650 calls at 10 cents now a bad cheap shot for after lunch push
2011-12-30	$RIMM "RIM’s Share of the U.S. Smartphone Market Slips Again" http://dthin.gs/uKBY5X $AAPL $GOOG (holding RIMM and AAPL)
2011-12-30	$$ $GOOG [$$] Tech Flops of the Year http://bit.ly/qJv4Bl
2011-12-30	Six Predictions for Digital Business in 2012 http://stks.co/1iov) via @amcafee $AAPL $AMZN $GOOG
2011-12-30	CEOs, and Companies, Reap Tax Benefits from Options Payouts http://bit.ly/vjH9GY $AAPL $CSCO $F $GE $GOOG $GS $HPQ $MSFT $SBUX $SIRI
2011-12-30	Wall Street Blesses Google with Another Upgrade at New 52-Week High http://wll.st/tnHMTw $GOOG #stocks #mkt
2011-12-30	$GOOG http://stks.co/1ie7 Holding up well since breaking out of this tight basing channel - I would add on any weakness
2011-12-30	It seems as though patents & engineers are becoming the core of tech assets, almost as valuable as product http://stks.co/1ilw $GOOG $FBOOK
2011-12-30	Trading Google Before The Earnings http://seekingalpha.com/a/6seu $AZO $FDX $AAPL $AMZN $ISRG $WYNN $BIDU $GOOG
2011-12-30	RT “@howardlindzon: My fave companies/stocks for 2012... $lpsn $intu $goog $arba but could change tomorrow...thats how it works”
2011-12-30	Learn about the products that $goog $aapl $csco $adbe & $dell failed to launch: In Memoriam - Tech Products We Lost http://pulse.me/s/4sR7G
2011-12-30	$tocktwit$ StockTwits: The power of Android OS? RT @bespokeinvest $GOOG, the 6th biggest co... http://bit.ly/tr4auQ #stocks #MKT #charts
2011-12-30	Good yr ahead for #Google ...says Robert Baird analyst. Sees $GOOG having a "strong finish to 2012" & boosts target price to $760
2011-12-30	COMSCORE: Android Has 47% Of The Mobile Market $GOOG $AAPL by @_dtl http://read.bi/s3aGoK
2011-12-30	ACTION PACKED LAST FAST OF '11: $GLD $SPY $AAPL $BAC $FXE $FXI AND CATTLE FUTURES REVIEW AND PREVIEW OF $GOOG $PFE & DOW DOGS $XHB COMEBACK
2011-12-30	Its official: Android is the new windows “@SAI: COMSCORE: Android Has 47% Of The Mobile Market $GOOG by @_dtl http://read.bi/s3aGoK”
2011-12-30	Google getting a head start to 2012, breakout eto highest level since Jan 2008 $GOOG
2011-12-30	My Galaxy Nexus review (compared to iPhone) $AAPL $GOOG http://thetechblock.com/articles/2011/galaxy-nexus-review-from-an-iphone-users-perspective/…
2011-12-30	The Google +1 Is More Popular For Retailers Than The Facebook Like Button $GOOG by @jyarow http://read.bi/sCGUW6
2011-12-30	ingenious! $goog disrupting lead gen boiler rooms! “@TechCrunch: Google Testing New Email Subscription Ad Format http://tcrn.ch/uziMPd ”
2011-12-30	If possible to predict much in a field as fast & rattled as ads, we should probably look to $GOOG & $FBOOK for clues http://stks.co/1ioJ
2011-12-30	Most U.S. Small Businesses Plan to Buy an #iPad in 2012 [STUDY]: http://on.mash.to/rqPhgF $AAPL #ANDROID $GOOG
2011-12-30	Google backing Israel entrepreneurs | http://bloom.bg/uAKLTO $GOOG
2011-12-30	Android vs. iPhone: Hare and tortoise? - Fortune Tech http://ow.ly/8e4p5 $AAPL $GOOG #android #iOS
2011-12-30	As Millions Of Consumers Unwrapped Kindle Fires Over Christmas, Mobile Ad Impressions Spiked 261 Percent http://pulse.me/s/4uXBO $AMZN $GOOG
2011-12-30	Daily Trending Social Volume: $AAPL/344, $AMZN/318, $SPY/295, $GLD/212, $GOOG/115, $SLV/96, $BAC/82, $DECK/76. http://stocial.com
2011-12-30	Here's Why Investors Hate These NYSE Stocks http://wll.st/sdsRTM $AAPL $GOOG $EMC $BAC $RIMM $AMD $INTC $F $GE $NOK $S $T $VZ $NYX #mkt
2011-12-30	Google Inc $GOOG Not Moving. If Canada is Google's sweetheart, why is access still a: http://bit.ly/sk8YhJ
2011-12-30	$GOOG I thought we could see a push higher after lunch but dead in the water. Only used a small chuck of profits prev GOOG Trade
2011-12-30	Technical charts up on See It Market: http://seeitmarket.com/tag/chartology-2/… $USD $SHLD $AAPL $YC_F $ZS_F $QQQ $DBC $ACI $SPY $GOOG Give the site a ride...
2011-12-30	$GOOG GOOG is getting to top of 3 year channel. Sell or wait it out? http://fsc.bz/JZw #WORDEN
2011-12-30	Google chief Larry Page is IBD's CEO of the year, intent on making the search king quick, mobile and social. $GOOG http://ow.ly/8eetT
2011-12-30	Mobile users lean toward apps over browsers [study] - http://bit.ly/sdFo27 @gigaom. #IT #CIO #CMO $AAPL $GOOG $RIM $MSFT
2011-12-31	nice read RT @andrias98 Yes,Totally Agree. Long way to go for FB. “@SAI: Like Hell Facebook Is Killing Google $GOOG http://read.bi/vz2cCI”
2011-12-31	Amazon will replace Google as the most feared company on the InterWebs - http://bit.ly/uzPJHy @pcworld. #2012 #CIO $AMZN $GOOG $MSFT $AAPL
2011-12-31	2011: The Year Facebook Killed Google - http://bit.ly/uChzYE @PCworld. $GOOG #CIO #CMO #SocialMedia #Business
2011-12-31	Ideas Scanned & Filtered for Next Week: $VZ $DUK $WMB $BMY $AMGN $AMT $LLY $ABT $EP $NI $KMI $XEL $GOOG $HCP $ADP $LMT $AEE $POM $NEE $ECL
2011-12-31	Facebook is the biggest secret flop on the net | @eriksherman - http://bit.ly/uEzypU. $GOOG $AAPL #business #social via @ValaAfshar #x
2011-12-31	Chartology: Update on Google, breaking higher: http://seeitmarket.com/chartology-update-on-google-goog/… $GOOG $QQQ $NDX check out other new material
2011-12-31	Chartology: New technical charts posted http://seeitmarket.com/tag/chartology-2/… $SBUX $GMCR $YHOO $GOOG $F $SHLD $USD $YC_F $ZS_F $AAPL New blogs on main page
2011-12-31	Search Wars 2012: Google Returns To The Dark Side - Seeking Alpha http://bit.ly/ups3CL $GOOG $BIDU $MSFT $YHOO
2011-12-31	http://profit.ly/1Mmi79 Verified $283.29 profit in $GOOG Sold Google Calls - could have left it, better safe than sorry
2011-12-31	$$ $GOOG Tech Biz Weekly Roundup: Verizon’s Blunders, Google Takes Flight http://bit.ly/qJv4Bl
2011-12-31	$$ $GOOG In Wake of Reported Email Hack, Netease Promises Facial Recognition Login http://bit.ly/qJv4Bl
2011-12-31	$$ $GOOG [$$] S&P Ends the Year Flat; Dow Rises 5.6% http://bit.ly/qJv4Bl
2011-12-31	Daily Trending Social Volume: $SPY/288, $AAPL/260, $GOOG/148, $GLD/125, $VZ/83, $BAC/72, $AMZN/55, $SLV/53. http://stocial.com
2011-12-31	"@ValaAfshar: 2011: The Year Facebook Killed Google - http://bit.ly/uChzYE @pcworld. $GOOG #CIO #CMO #SocialMedia #Business"
2011-12-31	Quick Charting Google $GOOG into New Highs (weekly & daily structure): http://tinyurl.com/6tppwzh #mkt $$
2011-12-31	$GOOG Daily Ichimoku: New highs, all indicators bullish. http://twitpic.com/81b4yp
2011-12-31	http://profit.ly/1Mmi78 Verified $718.42 profit in $GOOG Got Shaken out could have been $1,300! Go GOOG!
2011-12-31	“@businessinsider: Here Are The Best Android Apps You Missed This Week $GOOG by @stevekovach http://read.bi/vDNRDy” @GiovanniTonelli
2011-12-31	Of this top-10 list of 2011 tech stories, 5 are negative. All others are directly or indirectly about $FBOOK & $GOOG http://stks.co/1jIb
2011-12-31	Now the Greek kids are making my old kid cry. I should have known from the lack of interest in $GOOG Finance - my older daughter is a wimp..
2011-12-31	In 2011, 30 billion cumulative #app downloads worldwide http://bit.ly/u1oOqk. #IT #CIO $AAPL $GOOG $RIM #CoIT
2011-12-31	4 Undervalued Mega-Cap Technology Stocks Gurus Are Buying, 4 They Are Selling http://seekingalpha.com/a/6s9e $IBM $INTC $CSCO $GOOG $T $VOD
2011-12-31	Stock Market Video: Revealing The Next Market Move http://bit.ly/tjcoLY $JPM $CVX $XOM $IBM $AAPL $AMZN $GOOG
2011-12-31	Google Testing New Email Subscription Ad Format | TechCrunch http://ow.ly/8e5fc $GOOG
2011-12-31	Google Inc $GOOG Fairly Up. Services Stocks Active in Today's Trading (GOOG) (AMZN): http://bit.ly/uHANfu
2011-12-31	Yes,Totally Agree. Long way to go for FB. “@SAI: Like Hell Facebook Is Killing Google $GOOG by @hblodget http://read.bi/vz2cCI”
2011-12-31	Quick Charting Google GOOG Into New Highs $GOOG: Will history repeat or will this time be different?[More...] http://bit.ly/sE6fX9
2011-12-31	Interesting twist to $goog and $orcl #mobile
2011-12-31	Good article! 2 giants with vastly different revenue streams. @SAI: Like Hell Facebook Is Killing Google $GOOG http://read.bi/vz2cCI
2011-12-31	When Investors Rush In, and Out Together http://bit.ly/sHHr96 $BAC $C $COF $GOOG $GS $IND $JPM $JWF $KFN #InvestmentStrategy #Investing
2011-12-31	Search still beats sales reps at a fbook party :) RT"Like Hell Facebook Is Killing Google $GOOG by @hblodget http://read.bi/vz2cCI"
2011-12-31	$GOOG http://stks.co/1jJO stay long your (1/2) $GOOG, vs 635 entry....you got yourself a "FREE RIDE" now
2011-12-31	@brittpierpoint Not a complete rival until @insynchq releases a mobile device app. $GOOG
2011-12-31	A web of apps - Apple iOS and Google Android have 1,000,000 apps combined http://tcrn.ch/vamMkK #IT #CIO $AAPL $GOOG #CoIT
2011-12-31	Someone just got a simple quote on $goog @simplestockqtes http://simplestockquotes.com/goog
2011-12-31	Freight train kept A-rollin' - 2011 was the year of Android. http://tcrn.ch/uysPX7. $GOOG $AAPL #IT #CIO
2011-12-31	Google Inc $GOOG Fairly Up. Services Stocks Active in Today's Trading (GOOG) (AMZN): http://bit.ly/uGkHZf
2011-12-31	@jvzman @herrysw @mjaedi @SA_GOOGCell Phone Wars 2012: Return Of Research In Motion http://seekingalpha.com/a/6s26 $AMX $AAPL $GOOG $RIMM
2011-12-31	The Google +1 Is More Popular For Retailers Than The Facebook Like Button $GOOG by @jyarow http://read.bi/sCGUW6
2011-12-31	Like Hell Facebook Is Killing Google $GOOG by @hblodget http://read.bi/vz2cCI
2011-12-31	RT @iancr: Andreesen's predictions 2012: "Software is eating the world" http://awe.sm/5c8oY <<4 horsemen of apocalypse $AMZ $GOOG $FB &APPL
2011-12-31	nice analysis RT @afraidtotrade Quick Charting Google $GOOG into New Highs (weekly & daily structure): http://stks.co/1jMw #mkt $$
2011-12-31	Wall Street Weekend Update for 12.30.2011 Failed Bank List http://wp.me/p1gQjQ-og .....>>> $SPY $DIA $QQQ $AAPL $AMZN $GOOG $SBUX $PNRA $CMG
2011-12-31	$DECK may be too fad-ish. At weak support. But uggs and teva demand may be saturated. Love the $GOOG and $MSFT volume. $MCD on weakness.
2011-12-31	impressive move to a new 2 year high on $GOOG #google. check out this 2 year weekly chart http://j.mp/t2aJHC #money #stocks
2011-12-31	RT @BrianSHall:Why the Android is crushing iPhone numbers never seem to add up and how much is Android netting $GOOG? http://bit.ly/sS3FNG
2011-12-31	RT @tradermarsh: Here are some of our favorite apps of 2011 http://zite.to/umxM2N via @Zite $AAPL $GOOG $$
2011-12-31	Insync: A Google Docs-Loving Dropbox Rival http://stks.co/1iwU via The Next Web $GOOG
2012-12-30	$$ $GOOG Type 'sell' on Google Finance and Apple pops up http://bit.ly/qJv4Bl
2012-12-30	$GOOG News: Google Inc (NASDAQ:GOOG) Released List of Most Famous Entities in Nigeria … http://bit.ly/TxXqO4 http://bigticks.com
2012-12-30	Images of 2013 predictions for these stocks/etf's updated $AAPL $AMZN $GOOG $PCLN $SPY $QQQ $XHB $XLY $XLV $XLF $GLD http://rrshashsss.blogspot.com/2012/12/where-are-people-putting-there-money-in.html…
2012-12-30	Twitter Is Already Winning The Social TV War, But It Will Soon Do More $FB $GOOG http://stks.co/hIE2
2012-12-30	How App Makers Can Earn More Money In A Post-PC World $GOOG $FB by @tim_tuttle
2012-12-30	By @LizGannes: 2012, The Year I Basically Stopped Using Apple’s iOS Apps http://dthin.gs/Uv3cBp $AAPL $GOOG
2012-12-30	How App Makers Can Earn More Money In A Post-PC World $GOOG $FB http://flip.it/JCnoJ
2012-12-30	A Gameplan For Apple To Keep Its Competitors In Check http://seekingalpha.com/a/n003 $AAPL $AMZN $GOOG $GRPN $MSFT $NOK $YELP $INTC
2012-12-30	Apple TV: Why This One Feature Will Crush The Competition - Forbes http://onforb.es/W8ACop $AAPL $GOOG $RIMM $MSFT $FB $AMZN $NFLX
2012-12-30	New 2013 Trades/Investments with up to 90% profit potential: http://stks.co/hIEV $ibm $fslr $kol $ANR $GOOG
2012-12-30	Visit http://finance.google.com. Search finance for 'sell'... ouch. $GOOG +1, $AAPL 0.
2012-12-30	$GOOG key level to watch this week. 100SMA, Currently sitting on 100SMA http://2tradersclub.com/2012/12/27/goog-broke-recent-uptrend-support/…
2012-12-30	Open interest for the coming year $SPY $QQQ $GLD $AAPL $GOOG $PCLN $AMZN $XLF $AMZN @RedDogT3Live @chessNwine @1nvestor http://rrshashsss.blogspot.com/2012/12/where-are-people-putting-there-money-in.html…
2012-12-30	Still long $NVDA, looking to go long $GOOG if it goes anywhere near 645
2012-12-30	ideas over complaints! "@howardlindzon: Love this Dave MCClure post on the Food Tech Revolution http://stks.co/nHar $AAPL $GOOG $AMZN"
2012-12-30	$GOOG harmonic lower targets & descending Regression Channel, suggesting 1st strong support ~675 http://stks.co/jI2B
2012-12-30	where tech becomes pure BS: MT @KurzweilAINews #Kurzweil, $GOOG Dir. of Engin., wants to bring dead back to life http://bit.ly/YYUjUh
2012-12-30	"@ycharts: Chart of Google Last 5 Years. EPS (TTM) up 140%, Stock Almost Flat. $GOOG http://stks.co/gI6h"
2012-12-30	Here Comes the First Smartphone for Seniors http://go-tst.com/gqq7w $AAPL $GOOG @GaryKrakow
2012-12-30	Not an EW believer, but $GOOG W1 & W2 accept a fair breakdown: considerW3-like drop. Remember 2008! http://stks.co/cH4Y
2012-12-30	Type ‘sell’ into Google Finance and take a bite out of Apple $goog http://bit.ly/UawMek goog, google, google stock, news
2012-12-30	@noahmp P.S. We found the same regarding iPad and Analytics. Scrapped an iPad app months ago for similar reasons. Currently web-based.
2012-12-30	Yahoo - Using The AOL Playbook For A 30% Gain In 2013 http://seekingalpha.com/a/na6h $AOL $GOOG $YHOO
2012-12-30	Thanks RT @biggercapital: $BAC was a gr8 call "@StockTwits: 2012: The Year in StockTwits Trending Tickers http://stks.co/dH8a $AAPL $GOOG
2012-12-30	Just a word about lack of movement in #stocks like $aapl & $goog despite broad #futures sell off in the afterhours 1/4
2012-12-30	Italian Court Overturns Google Convictions $goog http://bit.ly/Uc7Ov8 goog, google, google stock, news
2012-12-30	Goliath vs Goliath…Amazon takes on Apple and Google $goog http://bit.ly/VcsTFl goog, google, google stock, news
2012-12-30	Tenth Grade Tech Trends http://stks.co/nHax via @joshm $FB $TWIT $GOOG
2012-12-30	Watch me #Trade $AAPL $GOOG and more this week in the LIVE Trading Room: Andrew@keeneonthemarket.com
2012-12-30	Kindle Fire Demand Is Weaker Than Amazon Wants You To Think http://seekingalpha.com/a/nasf $AAPL $GOOG $RIMM $AMZN
2012-12-30	Apple and Samsung's patent war: Can a settlement add up? | http://zdnet.com/apple-and-samsungs-patent-war-can-a-settlement-add-up-7000008964/?s_cid=e540… #Mobile #iOS #Android #Google #Apple $GOOG Let's have Peace
2012-12-30	Google's Android Vs. Apple Development http://seekingalpha.com/a/n64x $GOOG $AAPL
2012-12-30	Elevate your game - "The Anatomy of a Trader" http://stks.co/mHbe $SPY $AAPL $GOOG $STUDY #DeMark #Fibonacci #Investing
2012-12-30	$GOOG News: Google Inc (NASDAQ:GOOG) Released List of Most Famous Entities in Nigeria … http://bit.ly/UAUNgu http://bigticks.com
2012-12-30	Does A Scalable Business Plan Work For Vringo? http://seekingalpha.com/a/naxf $GOOG $VRNG
2012-12-30	RT "@YourAnonNews: #Google #Chrome blocks access to Twitpic for #Malware risk" | http://ow.ly/grbrC >> #security #Twitter $goog $twit
2012-12-30	Jan 2014 open interest-where people think these are going in 2013 $SPY $AAPL $GOOG $PCLN $AMZN $GLD $QQQ $XLY $XLF $XLV http://rrshashsss.blogspot.com/2012/12/where-are-people-putting-there-money-in.html…
2012-12-30	Get the Key Levels for #Trading $AAPL and $GOOG for 12.31.2012 http://bit.ly/YCO1VA
2012-12-30	"Just STUDY $GOOG, $AAPL, $FB, $AMZN & $MSFT. These big five American vertically organized SILOS are re-making the world in their image."
2012-12-30	@MDEredita Interesting - I'm starting to wonder if tablets will ever have the takeover some predicted. Or will $goog Glass takeover before!?
2012-12-30	Type 'sell' on Google Finance $goog and Apple $aapl pops up, 'oversold" brings you $amzn, and buy delivers $bby http://bit.ly/TR0zMI
2012-12-31	Can A New Management Team Spur Growth In This Undervalued Tech Company? http://seekingalpha.com/a/nc9h $GOOG $YHOO
2012-12-31	Android Is Dead, Part 5: Number Of Players http://seekingalpha.com/a/nbvv $AAPL $MSFT $RIMM $GOOG
2012-12-31	One of the big tech stories to watch in 2013 - can $GOOG continue to do iOS apps (arguably) better than $AAPL? http://gigaom.com/apple/googles-big-push-to-make-better-ios-apps-than-apple/…
2012-12-31	Something to keep in mind! RT @SAI: How App Makers Can Earn More Money In A Post-PC World $GOOG $FB by @tim_tuttle http://read.bi/UCr6f7
2012-12-31	Biggest opp since $GOOG http://investorshub.advfn.com/boards/read_msg.aspx?message_id=82911142…
2012-12-31	10 Things You Need To Know This Morning $YHOO $GOOG $FB $ZNGA by @nichcarlson http://read.bi/UyWBG6
2012-12-31	Google Is Attacking Apple From The Inside Out – And It's Working $AAPL $GOOG by @nichcarlson
2012-12-31	Images of 2013 predictions for these stocks/etf's updated $AAPL $AMZN $GOOG $PCLN $SPY $QQQ $XHB $XLY $XLV $XLF $GLD http://rrshashsss.blogspot.com/2012/12/where-are-people-putting-there-money-in.html…
2012-12-31	RT @jessefelder: Google Directed Users to Apple Stock When They Typed 'Sell' in Google Finance http://stks.co/oHf4 $GOOG $AAPL
2012-12-31	$AAPL vs $GOOG vs $FB vs $AMZN http://on.wsj.com/U6G4YC @WSJ
2012-12-31	Synchronoss Takes Aim At Apple, Amazon And Google With NewBay Acquisition http://seekingalpha.com/a/nc83 $T $VZ $AAPL $AMZN $GOOG $SNCR
2012-12-31	The 10 Best and Worst Twitter, Facebook, and YouTube Campaigns of 2012 $FB $GOOG $KO $TWX $PEP http://shar.es/hVDV7 via @minyanville #socbiz
2012-12-31	A 15-Year-Old Reveals Everything You Need To Know About The State Of Technology $FB $GOOG $AAPL by @jyarow http://read.bi/TsFdD0
2012-12-31	Hey $AAPL and $GOOG, can you spend some lobbying dollars to get this fixed? RT @nickbilton Electronic Devices on Planes http://bits.blogs.nytimes.com/2012/12/30/f-a-a-rules-make-electronic-devices-on-planes-dangerous/…
2012-12-31	My 5 Trading Resolutions for 2013 http://stks.co/lHew $AAPL $GOOG $PCLN $GRPN $study
2012-12-31	SI: Blake Krikorian Leaves Amazon's Board Because He Just Sold His Startup To One Of Its Rivals $AMZN $MSFT $GOOG $AAPL http://flip.it/HpgRr
2012-12-31	Many people use Penny Stocks to build an account, I perfer trading options of high flying stocks like $APPL, $GOOG and $AMZN.
2012-12-31	My Predictions for 2013 http://ow.ly/grRjZ $SPX $SPY $AAPL $YHOO $BAC $GOOG $WMT $FB $TM $BA $MOS $IBM
2012-12-31	$AAPL $GOOG $SSNLF Samsung ships its millionth Galaxy Note II ‘phablet’ in Korea http://stks.co/hIEz
2012-12-31	Larry Page has sold $642,093,443 worth of $GOOG stock in 2012.
2012-12-31	Highest Year End Close for $GOOG Ever Beating the 2007 Close by 2+%. http://stks.co/kHfh
2012-12-31	“@SAI: CHART OF THE DAY: One Of The Biggest Stories To Watch In 2013 $MSFT $AAPL $AMZN $GOOG by @jyarow http://read.bi/Tt8eOO”
2012-12-31	Apple: What You Should Know About Weak Link In Tech Titan's Chain http://seekingalpha.com/a/nb8j $AAPL $AMZN $CHL $GOOG $HPQ $MSFT $NOK
2012-12-31	Apple Jumps After Barron's Calls Shares "Cheap": http://benzinga.com/analyst-ratings/analyst-color/12/12/3206523/apple-jumps-after-barrons-calls-shares-cheap… $AAPL $GOOG $TROX $WMT
2012-12-31	Actives on open @ CBOE: $AAPL $HMY $KO $MRK $GOOG
2012-12-31	“@RedDogT3Live: My Predictions for 2013 http://ow.ly/grRjZ $SPX $SPY $AAPL $YHOO $BAC $GOOG $WMT $FB $TM $BA $MOS $IBM” // must read
2012-12-31	Eric Schimdt has sold $1,072,591,858 worth of $GOOG stock in 2012.
2012-12-31	Google Directed Users to Apple Stock When They Typed 'Sell' in Google Finance http://stks.co/oHf4 $GOOG $AAPL
2012-12-31	Someone just got a simple quote on $goog @simplestockqtes http://simplestockquotes.com/goog
2012-12-31	Smart take on $AAPL #smartphone market decline via $GOOG's #iOS apps that steer users back to #Google http://read.bi/TBWubt $MSFT
2012-12-31	$AAPL removing shorts and making them NAKED $GOOG $SPY $FAS
2012-12-31	$GOOG Google stock on The Social Investment Network | eToro OpenBook http://openbook.etoro.com/google/#/overview/…
2012-12-31	Kindle Fire Demand Is Weaker Than Amazon Wants You To Think http://seekingalpha.com/a/nasf $AAPL $GOOG $RIMM $AMZN
2012-12-31	CHART OF THE DAY: One Of The Biggest Stories To Watch In 2013 $MSFT $AAPL $AMZN $GOOG by @jyarow
2012-12-31	More start to notice that $AMZN is kind of resembling $GOOG more & more: http://lnkd.in/NqhFEP $$
2012-12-31	Menos #crisis lamentos y + mirar a futuro: How App Makers Can Earn More Money In A Post-PC World $GOOG $FB @tim_tuttle
2012-12-31	FB: BMO Ups to Buy, Stifel Raises Estimates; Better Attitude, Better Prospects - Tech Trader Daily - $FB $GOOG $YHOO http://on.barrons.com/130nqpB
2012-12-31	Facebook Enters Sophomore Stock Year with Fewer Skeptics - TheStreet http://thestreet.com/story/11801868/1/facebook-enters-sophomore-stock-year-with-fewer-skeptics.html… via @TheStreet $FB $GOOG
2012-12-31	Will Google+ Ever Get A Full Read/Write API?: Depending on who you ask, Google+ is either a thrivi... http://bit.ly/Z2fp4i #Google $GOOG
2012-12-31	Samsung & Intel r teaming up w/ Japan's NTT Docomo to build mobile OS that will rival Google $GOOG & Apple $AAPL http://urlu.me/XS
2012-12-31	A 15-Year-Old Reveals Everything You Need To Know About The State Of Technology $FB $GOOG $AAPL by @jyarow
2013-12-30	Forget $GOOG Glass: THIS is a wearable computer I can get behind: Oakley Airwave - GPS Enabled Goggle - http://bit.ly/1d4ut3t
2013-12-30	The era of smart dashboards. Google ties up with Audi, Apple with BMW and Mercedes. $AAPL $GOOG via @businessinsider http://read.bi/1hPMerF
2013-12-30	$GOOG $AAPL Google, Apple set to compete for auto industry digital race, WSJ says: Full Story http://bit.ly/1geq3Ld
2013-12-30	MacBook market share PLUMMETS as Chromebook trims Windows sales ~ #ITBW for @Computerworld $GOOG $AAPL ~ http://blogs.computerworld.com/cloud-computing/23331/chromebook-2013-market-share-itbwcw…
2013-12-30	Google changed its search algorithm 500 to 600 times a year, including 15 major changes in 2013. http://moz.com/google-algorithm-change… $GOOG
2013-12-30	Monday links: Fed power, asset class performance and go see "Her." http://stks.co/qnpb $VTI $DJP $GOOG $AAPL $SJNK
2013-12-30	Top 12 Ideas For Your Portfolio In 2014 http://seekingalpha.com/article/1896971-top-12-ideas-for-your-portfolio-in-2014?source=tweet… $AAPL $AEO $ATMI $BLK $BYI $CAB $COWN $DHI $ERII $FBRC $GOOG $HYGS $JMP
2013-12-30	$TWTR Accumulator identified selling into the highs on the 26th and continuing. $goog $fb http://stks.co/j061V
2013-12-30	Who's leading in in-car software? $BBRY, actually. But $AAPL, $GOOG closing in @CNBC @SquawkStreet http://stks.co/rnzt
2013-12-30	$AAPL $GOOG $TSLA $TWTR What will this week bring? Do more investors ring the register this week? Or do we head higher into 2014?
2013-12-30	$HIMX highlighted on @CNBC re: 300+% gains '13 & stock 2 watch '14 re $GOOG Glass acceptance/penetration 2014. @poisedtotriple nailed it $$
2013-12-30	Google robots + iPhone trackers: @ampressman on which sci-fi movie is coming true http://yhoo.it/18TNGsA $GOOG $IRBT #Danger #Danger
2013-12-30	Time for Larry and Sergey to invest in journalism? #TakeAView2014 http://r.reuters.com/nuc75v $GOOG $AMZN $EBAY
2013-12-30	Nothing better than talking stocks #courtside at a #MiamiHeat game http://youtube.com/watch?v=Jqh2VPXPh4w… get inspired $FB $TWTR $LNKD $GOOG $RENN $P peeps
2013-12-30	Have a strong feeling $bcoin is going to close out the year with a run to $1k #bitcoin. have a feeling $amzn & $goog have projects brewing
2013-12-30	This is my first time using Google Jamaica... $GOOG #Vaca http://stks.co/a02lJ
2013-12-30	The best thing about $GOOG $AAPL rivalry is that they push each other to be better. $GOOG has original ideas, Samsung just rips both off.
2013-12-30	Google Allows Users To Create And Share Their Own Vistas On Street View By @addythebaddy http://fastcompany.com/3023206/fast-feed/google-allows-users-to-create-and-share-their-own-vistas-on-street-view… via @FastCompany $GOOG
2013-12-30	My latest: "Google Overbought, Flashing Caution For Traders" http://stks.co/ro5c $GOOG $QQQ $STUDY
2013-12-30	RT @RiCHi: MacBook market share PLUMMETS as Chromebook trims Windows sales ~ #ITBW for @Computerworld $AAPL $GOOG ~ http://goo.gl/news/jn13
2013-12-30	Just got the best text from @mattbrinda haha What will $AAPL think of next?! #android #ios $GOOG
2013-12-30	Google Inc : Rob Sigg Launches New Google Plus Profile $GOOG http://bit.ly/1kUg94B
2013-12-30	$GOOG - Will Google Sell a Nexus 12 in 2014? -> http://stock-news.net/182982 #stock #stocks #stockaction
2013-12-30	This Chart Shows Why Google Gives Away One Of Its Most Valuable Assets Away For Free $GOOG by @nichcarlson
2013-12-30	Ok $GOOG, could you please fall out of bed by the end of the day tomorrow so I won't have to confess my transgressions for being so short?
2013-12-30	Twitter: Global Equities Starts at Hold; Similar Problems to What Google Faced - Tech Trader Daily - TWTR $GOOG $FB
2013-12-30	Twitter: The Bubble Burst Quickly http://seekingalpha.com/article/1920231-twitter-the-bubble-burst-quickly?source=feed_f… $AAPL #APPLE $FB $GOOG $LNKD $TSLA $Z $TWTR
2013-12-30	Rt @Sassy_SPY It's Over! Move Along +1st OPEX of 2014 $SPY $AAPL $AMZN $BIDU $FB $GOOG $LNKD $NFLX $PCLN $TSLA $TWTR http://stks.co/d02ia
2013-12-30	$GOOG - Rise in Twitter’s Stock Reflects Exuberance in Silicon Valley -> http://stock-news.net/183042 #stock #stocks #stockaction
2013-12-30	$aapl weekly call (missed the last 1by 9cents last week) +12/30/2013 Morning Buzz. $SPX $NDX $RUT $AAPL $GOOG... http://mkfy.co/1elzKWi
2013-12-30	My portfolio should finish the year above the S&P at 32.4%. Not bad. $TSLA, $ARMH and $GOOG were winners.
2013-12-30	WO2013192228A1 Pass Through Service Login To Application Login $GOOG #G06F #G06F21 http://w.pat.tc/WO2013192228A1
2013-12-30	.@Google and @Audi said to be developing next #Android in car system (by @CharlesJGantt) $GOOG, $NSU http://tweaktown.to/1eR0tPm
2013-12-30	Latest Predictions Based On Self-Learning Algorithm and 10 Stock Picks >> http://stks.co/a02vD $AAPL $XOMA $AA $AMD $BBRY $GOOG $YHOO $X"
2013-12-30	We will be updating our $FB #Facebook and #GooglePlus $GOOG pages through Tuesday evening with new ways to get in... http://fb.me/Sxw6Eaeu
2013-12-30	Options Outlook for the Week of 12/30: Financials Just Sitting Around $AAPL $AMZN $GOOG #premarket
2013-12-30	ALL NEWBIES REPORT TO: http://tim.ly/sykes7 lots of new $FB $TWTR $LNKD $RENN $GOOG $P followers, gotta watch the basics 1st
2013-12-30	$GOOG fuckin android shit. I meant fuck not fucking duck or chuck
2013-12-30	When $GOOG had $3B rev/$400m earns MT @TrinityAssetMan TWTR mkt cap 12/27 same as GOOG after 35 days trading. TWTR bears mite see more pain
2013-12-30	#Apple dashboards. Now #Google Audi? Is the car the 'ultimate mobile device'? @LanceUlanoff weighs in 10:30a ET. @SquawkStreet $GOOG $AAPL
2013-12-30	$GOOG - [$$] Google, Apple Forge Auto Ties -> http://stock-news.net/183006 #stock #stocks #stockaction
2013-12-30	WO2013192276A2 A Compartmentalized Image Editing System $GOOG http://w.pat.tc/WO2013192276A2
2013-12-30	$GOOG should pay for this bride's wedding: She walks down the aisle w/ Google #Glass (watch) http://on.mash.to/Kffb4q
2013-12-30	Next Google, Apple battleground? Cars. http://pulse.me/s/JV8vh $GOOG $AAPL
2013-12-30	Up Close And Personal: The New Age Of Advertising http://stks.co/rnrf by @Alex__Salomon $FB $GOOG $EBAY $AMZN $PCLN $STUDY
2013-12-30	There's a massive ecosystem war happening over your car between $GOOG, $MSFT and $AAPL --> http://stks.co/h06KG
2013-12-30	$GOOG - Analysis - After Web stocks boom, investors wary but rout unlikely -> http://stock-news.net/182957 #stock #stocks #stockaction
2013-12-30	Verizon, ISPs May Get Favorable Net Neutrality Ruling http://news.investors.com/technology/122413-684051-verizon-may-prevail-in-net-neutrality-fcc-court-challenge.htm… #IBDNews via @IBDinvestors $VZ $CMCSA $NFLX $GOOG $AMZN $DIS
2013-12-30	Yup #automarketing RT @ericjackson: @howardlindzon: It's the car, not watches or tv that's next stage of $goog $aapl http://stks.co/d02jC
2013-12-30	Maybe it's time for Larry, Sergey and Eric to copy tech luminaries Jeff and Pierre and invest in journalism? $GOOG http://breakingviews.com/time-for-larry-and-sergey-to-invest-in-journalism?/21125455.article…
2013-12-30	Chromebook sales surge during holidays -- raising big questions for Microsoft | $GOOG $MSFT http://stks.co/c02oC
2013-12-30	Here's Why Microsoft Is Worried About Google Chromebooks $MSFT $GOOG http://zite.to/JnFzZR
2013-12-30	#Google targets big brand advertisers with 'game-changing' technology , $GOOG, http://hotpage.info
2013-12-30	$GOOG knows how to build a self driving car yet does not know I use profanity all the tome
2013-12-30	It's Over! Move Along + 1st OPEX of 2014 $SPY $AAPL $AMZN $BIDU $FB $GOOG $LNKD $NFLX $PCLN $TSLA $TWTR http://stks.co/d02ia
2013-12-31	Forget $GOOG Glass: THIS is a wearable computer I can get behind: Oakley Airwave - GPS Enabled Goggle - http://bit.ly/1d4ut3t
2013-12-31	$GOOG - Authors Guild appeals ruling in Google Books case -> http://stock-news.net/186360 #stock #stocks #stockaction
2013-12-31	$GOOG has stake in $HIMX and option to double that stake. I think they'll exercise that option given the expected Google Glass success.
2013-12-31	@superguilla @a_martinoro yo en Google, aq le pese a @a_martinoro :-P
2013-12-31	The Young And Restless Portfolio Update: Heading Into 2014 After A Fabulous 2013 http://seekingalpha.com/article/1922831-the-young-and-restless-portfolio-update-heading-into-2014-after-a-fabulous-2013?source=feed_f… $ACHN $AMZN $FB $GALE $GOOG $GRPN
2013-12-31	#Wearables will have a huge impact on #tech investments in ’14. Look to the leaders, $AAPL and $GOOG with watches and Glass.
2013-12-31	Microsoft, Apple, beware: Chromebooks pick up 21% of U.S. sales http://bizjournals.com/sanjose/news/2013/12/30/laptop-market-beware-chromebooks.html… $MSFT $AAPL $GOOG
2013-12-31	Apple: No Involvement with NSA on, Knowledge of, a ‘Backdoor’ to iPhone - Tech Trader Daily - Barron's $AAPL $GOOG
2013-12-31	The 10 wildest tech predictions for 2014. http://ibdn.uz/sb9nL $TSLA $MSFT $YHOO $GOOG $NFLX $AAPL $GM $AMZN $SVU $VZ $DISH $DTV $CMCSA
2013-12-31	Google Glass opens up to All Access subscribers http://fw.to/k4dWVCf via @CadieThompson $GOOG
2013-12-31	$GOOG - [video] Will Apple & Google kill Sirius? -> http://stock-news.net/186361 #stock #stocks #stockaction
2013-12-31	We have been making MONEY trading option spreads! Awesome profits with $FB $TWTR $LNKD $AAPL and $GOOG. Up +122%! http://OptionSpreadStrategies.com
2013-12-31	Here's something I've not seen anybody else write about - $GOOG likely to start paying a dividend to sharehold... http://bit.ly/19EKxIm
2013-12-31	2013 Google #Zeitgeist is up. #CMO #Data http://google.com/trends/topcharts… $GOOG
2013-12-31	@drizzled wonders if people already weary about tech "wearables" for 2014 http://watch.bnn.ca/#clip1061887 $GOOG $AAPL #googleglass #iwatch @nymiband
2013-12-31	I remember when I thought it was amazing that $GOOG was at $800, today it's at its all time high http://thestreet.com/story/12188705/1/today-google-goog-hits-new-lifetime-high.html…
2013-12-31	$TWTR $GOOG Twitter allowing Android users to identify favorite accounts, The Verge says: Full Story http://bit.ly/1hbZjxS
2013-12-31	“@CoryTV: Forget $GOOG Glass: THIS is a wearable computer I can get behind: Oakley Airwave - GPS Enabled Goggle - http://bit.ly/1d4ut3t”
2013-12-31	Google may have expanded Glass sales, but 59% of our readers say they wouldn't buy anyway http://fw.to/k4dWVCf via @CadieThompson $GOOG
2013-12-31	Like my Account !! $AAPL $BIDU $FB $GOOG $MDSO $MSFT $NTES $PCLN $YHOO $YNDX Entering 2014 with these Techs !!! I want $TSLA $SCTY $CSIQ
2013-12-31	.@Google goes #discodancing to ring in #2014 (by @CharlesJGantt) $GOOG http://tweaktown.to/1eTgaW9
2013-12-31	GM buying Tesla? Just one of the 10 wildest tech predictions for 2014 http://ibdn.uz/saTRW $GM $TSLA $MSFT $YHOO $GOOG
2013-12-31	Google begins selling Glass to music subs; Himax rallies http://seekingalpha.com/currents/post/1487211?source=feed_f… $GOOG $HIMX
2013-12-31	$GOOG - Report: Google, Audi Want to Bring Android to Your Car -> http://stock-news.net/186362 #stock #stocks #stockaction
2013-12-31	$ADEP 52 week high. #robotics play with explosive potential. $HIMX $ONVO $ASTC $VJET $CAMT $PRCP $IRBT $HOLI $ROBO $SSYS $GOOG $BRKS $GALE
2013-12-31	3 Potential Threats That This Tech Giant Is Facing http://seekingalpha.com/article/1922261-3-potential-threats-that-this-tech-giant-is-facing?source=feed_f… $AAPL #APPLE $AMZN $FB $GOOG
2013-12-31	$GOOG and $AAPL forging deep auto industry partnerships. Android and Audi partnership to be the most interesting. http://online.wsj.com/news/article_email/SB10001424052702304591604579288670734733740-lMyQjAxMTAzMDIwOTEyNDkyWj…
2013-12-31	$AAPL $TWTR $FB $GOOG $GLD $BAC $FCX $SPY $MCP - 10 Characteristics of a Successful TRADER http://stks.co/c038C
2013-12-31	Actives on open @ CBOE; $AAPL $FB $LNG $ABX $GOOG $MYGN $TSLA $MSFT $C $WLT $BP $GLD
2013-12-31	Google Glass now on sale—but only to a select few: http://cnb.cx/KiYRzH (via @CadieThompson) $GOOG
2013-12-31	Twitter: The Bubble Burst Quickly http://seekingalpha.com/article/1920231-twitter-the-bubble-burst-quickly?source=tweet… $AAPL $FB $GOOG $LNKD $TSLA $Z $TWTR
2013-12-31	Trade From Beautiful Places http://youtube.com/watch?v=ATfZ4Xrkwhs… get inspired by http://profit.ly/sykes life $FB $TWTR $LNKD $GOOG traders
2013-12-31	Here's to a prosperous New Year. Thanks to all my followers and those I follow for a fun year. $spy $aapl $goog $fb $twtr $nflx
2013-12-31	My idea for 2014: short bonds, long social media. TV ad revenues will move away from TV, $fb $goog $twtr will benefit as well as others.
2013-12-31	Initial Apple iPhone orders on China Mobile underwhelming http://ibdn.uz/sageV $CHL $GOOG #iphone $AAPL chart
2013-12-31	watch $GOOG here for a reverse http://screencast.com/t/HC9wD1eF http://screencast.com/t/HC9wD1eF
2013-12-31	Nevermind Amazon Prime Drones, Google Has Future Delivery Vehicle With Uber http://forbes.com/sites/tjmccue/2013/12/31/nevermind-amazon-prime-drones-google-has-future-delivery-vehicle-with-uber/?partner=yahootix… $GOOG $AMZN
2013-12-31	Summary of Yesterday's Webcast Featuring $AAPL $WYNN $GOOG $LGF #TraderEducation #Options #HedgingStrategies --
2013-12-31	$GOOG on the verge of an all-time high & $380B market cap as volatility remains depressed. See chart attached.
2013-12-31	@DiLafng OOOOps! 1125/1130 on the call side $GOOG
2013-12-31	$GOOG is up 57% YTD
2013-12-31	ICYMI: shared my bear case for $SIRI on @CNBCClosingBell yesterday http://cnb.cx/1hRiGdl $AAPL $GOOG
2013-12-31	$GOOG - [video] The Race to Bring Self-Driving Cars to Consumers -> http://stock-news.net/187197 #stock #stocks #stockaction
2013-12-31	YPT Q4 Earnings picks 16/16 +VE,12 over 20+%| #16>#14| $BIDU +8% $ATK +10% $GOOG+16%% #trading #investing $SPY
2013-12-31	my best trade for 2013: short $gld long $goog from 12/31/12
2013-12-31	Interesting - seems like Google just expanded Glass a fair bit by offering a VIP invite to all of its All Access subscribers. $GOOG
2013-12-31	@fran_concepcion @a_martinoro $GOOG no es mucho mi estilo, aunq mañana abrieran "Google Bank", ese PER de 31,46 va a ser difícil bajarlo.
2013-12-31	Auto Awesome on #GooglePlus: http://tech2.in.com/news/apps/active-google-users-to-get-a-year-in-review-slideshow-video/924388… Appears as though I didn't upload enough pics 2 receive the surprise! #autoawesome $GOOG
2013-12-31	$GOOG - [video] Tech Yeah! Apple vs. Google road race -> http://stock-news.net/185799 #stock #stocks #stockaction
2013-12-31	"My Year with Google Glass" http://wrd.cm/1byUoPE $GOOG
2013-12-31	Blucora: Jefferies Starts at Hold, Too Dependent on Google - Tech Trader Daily - Barron's $BCOR $GOOG http://on.barrons.com/KiYiWO
2013-12-31	@pthegr8trades reversed all right! :-) $GOOG
2013-12-31	$GOOG - The Morning Download: When Online and Offline Worlds Collide -> http://stock-news.net/183836 #stock #stocks #stockaction
2014-12-30	2015 M&A #predictions: 1/ $BABA buys $EBAY 2/ $GOOG buys PayPal 3/ $TWTR merges with Square And my long shot 4/ $AAPL buys $TSLA
2014-12-30	RT $BABA Algos triggered BUY @ 09:38 in SIGMA-X, CROSSFINDER, ATS, LX P/T 107.50 $BIDU $GOOG $FB $AMZN $NFLX $TSLA $GPRO $AAPL $QQQ #HFT
2014-12-30	25 best large companies to work for in 2015: $GOOG, $FB, $QCOM, $AAPL, $LNKD, $NKE, $ADBE
2014-12-30	$MUX Stock Price Updated Tuesday, December 30, 2014 12:59:25 PM $GPRO $IYT $GOOG $TWTR http://bit.ly/173Orji
2014-12-30	#Google Vs. #Apple: Who Will Win The Wearables War? $GOOG $AAPL http://goo.gl/SdtwcN
2014-12-30	Check out #dropbox financials towards #IPO in '15. Full analysis is available at: http://bit.ly/1x7LcQe $GOOG $MSFT
2014-12-30	My top 10 stocks for 2015: Farr: $JPM $UTX $VMI $YUM $CVX $GOOG $QCOM $CTSH $PDCO $PRGO from @Michael_K_Farr.
2014-12-30	Google Inc.: 197 (+68.8%) http://StockFluence.com/fund/google $GOOG #Google #Sentiment #Stock #Analysis #BigData
2014-12-30	Google gmail service restored in China - “We’ve checked and everything is working on our end” http://on.ft.com/1EEmkWC $GOOG #CHINA
2014-12-30	Top 5 Tech Predictions For 2015 http://seekingalpha.com/article/2788715-top-5-tech-predictions-for-2015?source=feed_f… $AAPL #APPLE $IBM $GOOG $GOOGL $MSFT
2014-12-30	#Internet ETFs Could Surprise in 2015 http://bit.ly/1xeIeKW #ETF #tech #technology $PNQI $FDN $GOOG $AMZN $FB $NFLX $AAPL
2014-12-30	join me live http://stks.co/p1Da9 discussing $AAPL $SPX $GOOG $CMG etc. also ask questions live. always fun talking to these guys
2014-12-30	$nflx $goog holding up considering
2014-12-30	Gmail access partially restored in China http://seekingalpha.com/news/2199505-gmail-access-partially-restored-in-china?source=feed_f… #premarket $GOOG $GOOGL
2014-12-30	Forget #iPad concerns, peeps using $GPRO beach today casual vid camera: $AAPL needs comparable device quick or should buy co on cheap $GOOG
2014-12-30	Red Flag indeed: #China "Adds New Barrier To Gmail" http://nyti.ms/1wvG6cx #Google $GOOG $$
2014-12-30	$CTIX Stock Message Board Updated Tuesday, December 30, 2014 11:59:27 AM $TSLA $ISIS $GOOG $IEF http://bit.ly/1HeKbdj
2014-12-30	#Facebook, #Apple, #Microsoft Are Ganging Up On Google $FB $APPL $GOOG $MSFT Couldn't Happen At A Worse Time http://businessinsider.com/face-apple-and-microsoft-versus-google-2014-12… via @sai
2014-12-30	Microsoft spent $11 billion on R&D last year -- more than Amazon or Google. Really? http://bloom.bg/1xv52rU $MSFT $GOOG $AMZN
2014-12-30	How Facebook Soared 47% in 2014. $FB, $AAPL, $GOOG. http://consestimate.com/us/en/NewsExchange/Article/1000746/how-facebook-soared-47%-in-20…
2014-12-30	#Options #Expert Nic Chahine (@racernic) on Benzinga's #PreMarket Prep December 30, 2014 $AAPL $DDT $GOOG
2014-12-30	$WNTR ACQUIRES $72 MILLION IN ASSETS @twitter http://otcmarkets.com/stock/WNTR/news/WORLDWIDE-ACQUIRES--72-MILLION-IN-ASSETS?id=94370&b=y… $JNUG $nugt $scty $lnkd $grpn $baba $goog $tsla $ambs $aapl $vois $ing
2014-12-30	%stocks>40DMA=53% Preparing for A New Year: Expect Prices to Fluctuate. http://dld.bz/d46TY $XLE $SPY $CVEO $GOOG $GPRO #solar #T2108
2014-12-30	Google's Self-Driving Car Is Ready For The Road http://stockandfinancewatch.com/2014/12/googles-self-driving-car-is-ready-for-the-road/… $GOOG $GOOGL #Google #NYSE #NASDAQ
2014-12-30	Don't stress this trading week. Low volume & holiday. Next week it gets REALLY FUN $GOOG $AMZN & $TSLA are setting up for MOVES!
2014-12-30	Tomorrow will be green day for all momos $FB $TWTR $BABA $GOOG $LNKD. Last day of yr=no red allowed
2014-12-30	Tech overvalued? At $160B, sum of all $1B-plus valuations in US is still less than half $GOOG market cap - Thiel http://on.wsj.com/1A8CH8z
2014-12-30	Google now controls or occupies a strip of Manhattan buildings more than six football fields long. http://on.wsj.com/1HX2UJ5 $GOOG
2014-12-30	Sony's 'The Interview' Streaming Success Could Have Many Unintended Consequences http://seekingalpha.com/article/2785875-sonys-the-interview-streaming-success-could-have-many-unintended-consequences?source=feed_f… $AMC $AMZN $CKEC $GOOG $GOOGL
2014-12-30	Google now controls or occupies a strip of Manhattan buildings more than six football fields long. http://ln.is/www.wsj.com/articles/jpejI… $GOOG VIA @WSJ
2014-12-30	Last two days, dump the losers.... $ES_F $SPY $AAPL $TSLA $NFLX $AMZN $PCLN $GOOG
2014-12-30	Facebook up 45%, Apple up 44%, Google down 6% YTD! $FB $GOOG $AAPL
2014-12-30	danrocks: $GPRO Picking Up MOMO $JPM $JDST $GLD $CODI $GOOG http://investorshangout.com/post/view?id=2506245…
2014-12-30	$BBRY " ...Return to profitability for Blackberry and a tripling of BBRY shares during 2015!! " Fantastic http://stks.co/h1Ugs $AAPL $GOOG
2014-12-30	@ericschmidt open a Chinese subsid, play by their rules and make $billions #shareholdersbeforepride $goog Don't make me fwd 2 @Carl_C_Icahn
2014-12-30	Facebook and Google in Asset Management in 2015? by @Hedgeable on @LinkedIn https://linkedin.com/pulse/facebook-google-asset-management-2015-mike-kane… #finserv $GOOG $FB
2014-12-30	@CNBCFastMoney @bespokeinvest @5pm Would you rather $GOOG or $AAPL? #BuyBuyBuy
2014-12-30	$BBRY the share price will triple in 2015 http://stks.co/f1UhB Wake up Folks !! $AAPL $GOOG $MSFT
2014-12-30	$ECIG Volume $ECIG Most recent stock chart and technical analysis. $FITX $V $FXI $GOOG $V $BABA http://stockch http://investorshangout.com/post/view?id=2506350…
2014-12-30	Special trader tonight! Who has a tweet for @bespokeinvest's Paul Hickey? He'll be on the @CNBCFastMoney desk @5pm!
2014-12-30	Try out my $AAPL iPhone app http://tim.ly/profitlyapp working on $GOOG Android app now, should be ready soooooon! $FB $TWTR $STUDY
2014-12-30	$VSTR $GOOG. MONTHLY #CREDIT LINE http://investorshub.advfn.com/boards/read_msg.aspx?message_id=106573740… / Best advisors to management / http://valuesetters.com/advisory-board "
2014-12-31	#Google Searching For Answers To Pole Attachment Costs As Fiber Provider | Bloomberg http://bloom.bg/1x55n2L #FCC $GOOG
2014-12-31	$BBRY a good example for all companies in the world. Hack forced Sony to use old BlackBerrys http://stks.co/e1R3d $AAPL $GOOG $MSFT $FEYE
2014-12-31	best selling items on Amazon over holidays $AMZN $GOOG $GPRO $ATVI http://phx.corporate-ir.net/phoenix.zhtml?c=176060&p=irol-newsArticle&ID=2002024…
2014-12-31	China uses Great Firewall filtering regime that blocks mainland China's access to $GOOG e-mail and now $GOOGl search as well.
2014-12-31	$CVEO Chart $CVEO Most recent stock chart and technical analysis. $XLE $COST $TLT $XLF $GOOG $GOOG http://stoc http://investorshangout.com/post/view?id=2508037…
2014-12-31	$VMW is testing a new HR "quit risk" machine learning technology from $WDAY..."the same magic that $GOOG has" http://bloom.bg/1A7MBr1
2014-12-31	Google Inc. (GOOGL)'s Gmail Returning To Normalcy In China, Win For Tech ... $GOOG http://bit.ly/1EGI30m
2014-12-31	A Value Stock, Or Neither? $AAPL $AMZN $FB $GOOG $GOOGL $VZ $SPX $STUDY Read our thoughts here http://starbrekaouts.com
2014-12-31	A few chart set-ups for 2015 (gold+) http://optionmillionaires.com/chart-set-ups-2015/… $GOOGL $GOOG $JPM $CAT
2014-12-31	Google’s chief of its moonshots projects at Google X claims the new technology http://buff.ly/1D4yOT6 $GOOG $GOOGL
2014-12-31	RT Following up our $GPRO Algo for 12-31-14 #HFT #Quant #Trading $BIDU $GOOG $FB $AMZN $NFLX $TSLA $BABA $AAPL $QQQ
2014-12-31	Marketing #saas #adtech platform company ACCELERIZE $ACLZ at $1.51 (UP +4.86% Today) FREE Report at http://vistapglobal.com #ORCL $GOOG $FUEL
2014-12-31	$BBRY is the future of security for all companies. Sony made a smart change. The turnaround is on the way to success. $AAPL $GOOG $MSFT $SNE
2014-12-31	Can Microsoft's Windows 10 Oust Google Or Apple? http://seekingalpha.com/article/2790335-can-microsofts-windows-10-oust-google-or-apple?source=feed_f… $AAPL #APPLE $GOOG $GOOGL $MSFT
2014-12-31	RT $GPRO Algos triggered SELL in SIGMA-X, CROSSFINDER, ATS, LX @ 09:45 P/T 63.00 $BIDU $GOOG $FB $AMZN $NFLX $TSLA $BABA $AAPL $QQQ #HFT
2014-12-31	$GOOG Buy or Sell Opinion Click here to find out if $GOOG is a buy hold or sell. Watching these stocks. $DXJ $ http://investorshangout.com/post/view?id=2507850…
2014-12-31	Stock Predictions 2015: $AAPL $AMZN $GDXJ $GOOG $SNIPF Get our thoughts here http://starbreakouts.com
2014-12-31	Investors Sell Google on Strength $GOOG http://dakotafinancialnews.com/?p=8463
2014-12-31	10 Things That Used to Cost Money but Are Now Free http://aol.it/1roykpm via @daily_finance $GOOG $MSFT $AMZN
2014-12-31	Find it funny peeps think #YouTube owner $GOOG - which dcks around droid devices/robots etc wouldn't be interested $GPRO - 1.3% size $BBY
2014-12-31	So... about that 20% stock market correction we were suppose to have at the end of 2014 #stocks #cnbc $aapl $fb $twtr $gpro $goog
2014-12-31	Apple: iAd Is The Weakest Link http://seekingalpha.com/article/2785215-apple-iad-is-the-weakest-link?source=feed_tickers… $FB $GOOGL $GOOG $AAPL
2014-12-31	Facebook Inc. Just Intercepted Twitter Inc.'s NFL Dream ( $FB ): http://fool.com/investing/general/2014/12/30/facebook-inc-just-intercepted-twitter-incs-nfl-dre.aspx#.VKSFnXZs3wk.twitter… via @themotleyfool $FB $TWTR #NFL $GOOGL $GOOG
2014-12-31	$BBRY Employees there were forced to resort to an ancient technology -- the BlackBerry. http://stks.co/t1DcE $AAPL $GOOG $MSFT
2014-12-31	Will Facebook Score a Touchdown With the NFL? http://aol.it/1HfPWYk via @daily_finance $FB $VZ $GOOG
2014-12-31	Accelerize $ACLZ Names Eric Rosenthal Executive Vice President of Sales of Its CAKE Software http://finance.yahoo.com/news/accelerize-names-eric-rosenthal-executive-140000295.html?soc_src=mediacontentstory&soc_trk=tw… $AOL $GOOG $PEP #Saas
2014-12-31	$AAPL $FB $GOOG Big 3 on my plate.
2014-12-31	$BBRY $SNE Crippling hack forced Sony to use old BlackBerrys December 30 http://money.cnn.com/2014/12/30/technology/security/sony-hack-phone-tree/index.html… $AAPL $GOOG
2014-12-31	$BBRY Sony, Samsung, Ford, etc... all come here, all request BBRY services! Once again, Is Time To BUY With Both Hands! $AAPL $GOOG $MSFT
2014-12-31	Possible Surprises For Google, Amazon And Others In 2015 http://stks.co/s1DPA $GOOG $AMZN $P $TWTR $NFLX $FB
2014-12-31	Prediction: there will be a few smartwatch shops in Macy's in #2015 $M $GOOG $AAPL
2014-12-31	10 largest stocks with insider selling $GOOG $ORCL $DIS $GILD $UNP $NKE $DD $CL $SPG $ACN We share our opinion here http://starbreakouts.com
2014-12-31	Love $GOOG's animated GIF summarizing 2014, especially the part with the @Philae2014 lander.
2014-12-31	Doug Kass Releases His 15 Market Surprises for 2015 $AAPL $GOOG $TWTR $GLD http://stks.co/i1Uht
2014-12-31	notable weak big cap techs of 2014 getting some closing love, front running reversal of fortunes bets for next year $GOOG $AMZN $NFLX
2014-12-31	13 Extreme Things That Frugal People Do to Save Money http://aol.it/1ww8prq via @daily_finance $GOOG $SBUX
2014-12-31	Here's What Each State Googled More Than Any Other State This Year | Business Insider http://read.bi/1D4OtSf $GOOG
2014-12-31	$GOOG sees + in #NetNeutrality Title 2: access to poles for cheaper fiber install = more bandwidth. >Competition!
2014-12-31	$GOOG Google got it wrong. The open-office trend is destroying the workplace #technology http://washingtonpost.com/posteverything/wp/2014/12/30/google-got-it-wrong-the-open-office-trend-is-destroying-the-workplace/?tid=pm_pop…
2014-12-31	join me for detailed daily ranges on $AAPL $SPX $RUT $SPY $IWM $QQQ $GOOG etc. reasonable and effective http://bit.ly/1tlTe44
2014-12-31	What is Uber Really Worth? A Spirited Email Exchange $FB $goog $dal http://equities.com/editors-desk/stocks/technology/what-is-uber-really-worth-a-spirited-email-exchange…
2014-12-31	Stocks @LaszloBirinyi is sticking with: $AAPL, $GOOG; biotech - $LLY, $BRK is a way to play the consumer. Doesn't know what gives with oil.
2015-12-30	.@AVG just fixed a big security hole before it could become something worse $AVG, $GOOG http://tweaktown.com/news/49282/avg-chrome-extension-huge-security-hole-patched-time/index.html?utm_source=dlvr.it&utm_medium=twitter&utm_campaign=tweaktown…
2015-12-30	LIVE on #Periscope: Millionaire University http://stockmarketmojo.com $AMZN $GOOG $AAPL Year End Rally https://pscp.tv/w/aVMb3TQ1NDk4MjV8MWpNSmdqQW9kbk1HTPzOQ-fllGSs6MbHcCN5L3H7S5Fh6TrzGC2hlpBSqmSA…
2015-12-30	$FIT small market cap makes its a great takeover target. $bxlt $aapl $fb $twtr $amzn $goog
2015-12-30	How I traded $AMZN $GOOGL $GOOG Today - Charts and Video
2015-12-30	BAGEL is the new FANG says analyst http://valuewalk.com/2015/12/amazon-alibaba-google-expedia-linkedin-bagel/… $AMZN $GOOG $BABA $LNKD $EXPE $GOOGL $FB $NFLX $TWTR
2015-12-30	Google Glass gets a second chance $GOOG
2015-12-30	Try the discovery engine & social network for investors. Free. $AMZN $NFLX $GOOG #stocks
2015-12-30	Did @YahoosCEO trip over the plug for the @YahooFinance server? $yhoo Can some of the $goog techies lend a hand?
2015-12-30	Tapinator Expands Its Board of Directors - http://OTCMarkets.com $TAPM $ZNGA $GOOG http://otcmarkets.com/stock/TAPM/news/Tapinator-Expands-Its-Board-of-Directors?id=121818&b=y… #MOBILEGAMES
2015-12-30	All Positions Closed Long n Short #HappyNewYear 2016 To All ... $TWTR $OIL $DGAZ $DWTI $AAPL $GOOG $FB $IWM $SPY $SPX $QQQ $DIA $SCTY $AMZN
2015-12-30	MCD McDonalds Corp. P/E Ratio http://dlvr.it/D7zvr3 $MCD $GOOG $AGN $UGAZ #MCD #stocks #invest
2015-12-30	GOOG Alphabet Inc. - Class C Chart http://dlvr.it/D88LLp $GOOG $GMCR $WBA $XLY #GOOG #stock #share
2015-12-30	Shorts are piling onto $FIT. Multiple recs on SZ. Today's cites $19 PT: https://sumzero.com/pro/research/ideas/11312…. $AAPL $GRMN $GOOG
2015-12-30	My, how the times change! $AAPL $CSCO $INTC $ORCL $FB $GOOG $MSFT http://stocktwits.com/ddierkin/message/47428826…
2015-12-30	Top Tech Predictions For 2016 http://seekingalpha.com/article/3783596-top-tech-predictions-for-2016?source=feed_f… $FB $MSFT $DROPB $GOOG $GOOGL $AAPL $AMZN
2015-12-30	Tech unicorns are 'unique' or 'special' in the eyes of Google chairman Eric Schmidt $GOOG http://read.bi/1IDsidr
2015-12-30	$AMZN Live on http://pscp.tv/NaviAvatar in2min How I traded Amazon $GOOGL $GOOG $SBUX $AAPL Taking Q&A
2015-12-30	$TWTR Stock #Infested with Shorts What They Know You Don't CEO Plays Ball Hedgies ..? $AAPL $GOOG $FB $IWM $SPY $SPX $QQQ $DIA $SCTY $AMZN
2015-12-30	GOOG Alphabet Inc. - Class C Filings http://dlvr.it/D7kGlp $GOOG $SUNE $PANW $PM #GOOG #share #stock
2015-12-30	Some fun 2015 FANG facts via GS desk... $FB $AMZN $NFLX $GOOG
2015-12-30	#optionstrading: $X call action, $EEM puts, $WFM 500m settlement, $GOOG & $AMZN record close http://cboe.com/tradtool/webcast.aspx?channelId=dd1a93e2d343438da9ac79c1073bf80e&channelListId=87ce30f5be214b01be55fc231a256371&mediaId=d0404be802234df7b9370b8041e438c1…
2015-12-30	CES 2016: Smart homes, smart cars, virtual reality $INTC $AAPL $GOOG $IBM $MSFT $SNE $NFLX $CSCO .... http://hotpagenews.com/r/130625
2015-12-30	The take-out speculation no longer has meaningful impact on $TWTR price. It has been around for quite a while $GOOG $GOOGL
2015-12-30	Moron: Oppenheimer’s Chart Chomper Calls for Secular Bull Market, Led By Tech | Trading with The Fly $SPY, $GOOG, http://stks.co/a33l3
2015-12-30	$HD Filings Updated Tuesday, December 29, 2015 7:07:08 PM $UA $HRL $SMN $GOOG http://dlvr.it/D7k40k
2015-12-30	GOOG Alphabet Inc. - Class C P/E Ratio http://dlvr.it/D7zgys $GOOG $UWTI $QLD $ARCW #GOOG #stocks #finance
2015-12-30	Why is Day Trading Failure So Common? | Find Out Here: http://bit.ly/1ROffsc $SPY $QQQ $DIA $GOOG $TWTR $GPRO $X
2015-12-30	Twitter will very shortly read "Twitter, an Alphabet company". $twtr $goog
2015-12-30	$GOOG takes on @eholmes2003? #precisionmedicine M&A wish list: Verily buys @theranos http://wp.me/p2KHjd-1vRL
2015-12-30	.@juliebort show she doesn't have a clue about the Java-OpenJDK relationship. News at 11:00 http://pages.citebite.com/h4y8s6h7f5nrc How to whitewash $GOOG
2015-12-30	BABA Alibaba Group Holding Ltd. Change http://dlvr.it/D7kHjR $BABA $DD $GOOG $CNIT #BABA #share #stocks
2015-12-30	@kevinpokeeffe ……do you hold $GOOG stock or something because here I am again
2015-12-30	Alphabet has lagged the other big Internet names as investors wait to see if the firm's alpha bets pay off $GOOG
2015-12-30	ICYMI>ChOTDs-12/29/15 Internet Stocks Demonstrate ABCs Of Relative Strength $AMZN $GOOG Post:http://tmblr.co/Zyun3q1_sxjAp
2015-12-30	7 Well-Known Stocks With Enviable Cash Positions http://seekingalpha.com/article/3783276-7-well-known-stocks-with-enviable-cash-positions?source=feed_f… $BEN $CSCO $CTSH $FB $GOOG $MSFT $TROW $GOOGL
2015-12-30	Good Morning Traders. Welcome new Subscribers Lets have a great day http://stockmarketmojo.com $AMZN $AAPL $GOOG $SBUX
2015-12-30	Sterne Agee CRT Says It's Hard To Value $FXCM Over $5... Pre or Post Split $50 ? AAPL $GOOG $FB $IWM $SPY $SPX $QQQ $DIA $SCTY $AMZN $TWTR
2015-12-30	Alphabet Inc $GOOG Sets New 12-Month High at $779.98 http://ift.tt/1QYlnOV
2015-12-30	Tax Reform Should Be A Priority In 2017: Beware Of Ultra-Low Tax Rates http://seekingalpha.com/article/3779506-tax-reform-should-be-a-priority-in-2017-beware-of-ultra-low-tax-rates?source=feed_tickers… $CA $CTXS $GOOG $GOOGL $IBM $MSFT $ORCL
2015-12-30	@DiscreetLatino I mean, Hailee Steinfeld was in PP2, that was pretty corny
2015-12-30	Larry Robbins/Glenview Capital Management’s Portfolio (II) http://bit.ly/1NQEF4G $MAN $THC $CBS $AGN $CDNS $WOOF $ENDO $GOOG $DOW $HCA
2015-12-31	Five From '15: The 2016 Payments Pacesetters http://seekingalpha.com/article/3779646-five-from-15-the-2016-payments-pacesetters?source=feed_tickers… $GOOG $GOOGL $SSNLF $AAPL $WMT $PYPL
2015-12-31	Look Who's Spending the Most on Innovation http://bit.ly/1YlDYmw $MSFT $AAPL $GOOG $FB
2015-12-31	BIEI Premier Biomedical, Inc. % Change http://dlvr.it/D89lqG $BIEI $GOOG $FXE $INTU #BIEI #investing #stockmarket
2015-12-31	My Top 5 $AAPL acquisition targets for 2016. 1. $ADBE 2. $FIT 3. $TSLA 4. $GPRO 5. Nest Labs (deal with $GOOG) *long AAPL, GPRO, TSLA
2015-12-31	The 10 Best-Performing Stocks in the S&P 500 in 2015. $GOOG $AMZN #NFLX http://thestreet.com/slideshow/13410155/1/the-10-best-performing-stocks-in-the-s-p-500-in-2015.html?puc=yahoo&cm_ven=YAHOO…
2015-12-31	Holiday BLOWOUT SALE ends in hours, last call to lock up HUGE savings http://jasonbondpicks.com/holiday-sale $LEI $SPY $QQQ $IWM $FB $GOOG $AAPL $TSLA
2015-12-31	Stock Market Recap for Dec 30th 2015 Bears take things back http://dailytradingsignals.com/2015/12/31/stock-market-recap-for-dec-30th-2015-bears-take-things-back/… $PCLN $GOOG $AAPL $NFLX $LNKD $TSLA
2015-12-31	$GOOG $AMZN many false breakouts confirmed today as these stocks lost all their gains the Volume was not strong enough is the main reason.
2015-12-31	Totally agree @SharkJeev : Linda is our $GOOG of @tastytrade
2015-12-31	Trading Students Find #Success: http://bit.ly/1JA5mXm $Z $X $AAPL $TWTR $MNKD $FB $GOOG $AXP $VLTC $BMRN $PFE $LLY
2015-12-31	IBM International Business Machines Short Sales http://dlvr.it/D8YZJS $IBM $GOOG $KMB $TSO #IBM #pennystocks #invest
2015-12-31	GOOG Alphabet Inc. - Class C Day High http://dlvr.it/D8Ygjv $GOOG $DIA $UGAZ $CTRP #GOOG #stocks #share
2015-12-31	Trading Students Find #Success: http://bit.ly/1JA5ndG $Z $X $AAPL $TWTR $MNKD $FB $GOOG $AXP $VLTC $BMRN $PFE $LLY
2015-12-31	Top Tech Predictions For 2016 https://lnkd.in/bfAMNYK $FB, $MSFT, $DROPB, $GOOG, $GOOGL, $AAPL, $AMZN
2015-12-31	What's new for 2016? MetaOS http://seekingalpha.com/article/3783596-top-tech-predictions-for-2016?ifp=0&app=1… via @SeekingAlpha $GOOG $AAPL $AMZN Perhaps a slowing smartphone market. #technology
2015-12-31	Alphabet Eric Schmidt: UK Likely to Be the Global E-Commerce Leader - http://goo.gl/vvZyns - $GOOG
2015-12-31	ICYMI: Why #Google Robots May Not Be Combat-Ready $GOOG via @FortuneMagazine http://for.tn/1IG2Yn6
2015-12-31	.@Huawei revenue grows 35% in 2015, smartphone sales gaining on @Samsungtweets $GOOG http://tweaktown.com/news/49332/huawei-revenue-grows-35-2015-smartphone-sales-gaining-samsung/index.html?utm_source=dlvr.it&utm_medium=twitter&utm_campaign=tweaktown…
2015-12-31	Tech billionaires soared in 2015, up a combined $82 billion led by $AMZN, $FB and $GOOG http://bloom.bg/1mmVpau
2015-12-31	Bill Gates is a very wise man! $GOOG $FB $AMZN $AAPL $TWTR $MSFT
2015-12-31	GOOG Alphabet Inc. - Class C Summary http://dlvr.it/D8X7YX $GOOG $SWKS $KRE $CELG #GOOG #stock #share
2015-12-31	Apple&#39;s Q1 Looks Certain To Disappoint http://seekingalpha.com/article/3783266-apples-q1-looks-certain-to-disappoint?source=tweet… $GOOG $GOOGL $AAPL
2015-12-31	Facebook Inc.'s Oculus Puts LeBron James in a VR World. #VirtualReality #NBA #LeBron #OculusRift $FB $GOOG http://fool.com/investing/general/2015/12/31/instant-analysis-facebook-incs-oculus-puts-lebro-2.aspx?source=eogyholnk0000001&utm_source=yahoo&utm_medium=feed&utm_campaign=article…
2015-12-31	Happy New Year. Let's make 2016 successful in our #VISION and work on #ACTIONPlan. $SPY $SPX $GOOG $AAPL $FB $NFLX
2015-12-31	ABX Barrick Gold Corp. Day Low http://dlvr.it/D8YQXB $ABX $GOOG $GOOG $AG #ABX #pennystocks #pennystocks
2015-12-31	$SPY it's the 10:00 hour of brutality, right on schedule! $SPX $ES_F $QQQ $IWM $NFLX $AAPL $FB $GOOG $GOOGL $BABA $AMZN #stocks #options
2015-12-31	5 Tech Stocks You Should Be Buying Ahead of $AAPL: $AMZN $CRM $MSFT $IBM $GOOG $GOOGL $PANW $INTC $CSCO $CREE $MSFT http://stks.co/b34Ev
2015-12-31	Why is Day Trading Failure So Common? | Find Out Here: http://bit.ly/1JEXML3 $SPY $QQQ $DIA $GOOG $TWTR $GPRO $X
2015-12-31	If Google, Amazon and others go shopping in 2016, what is on the list? http://on.mktw.net/1Ozltfp $GOOG $GOOGL $AMZN
2015-12-31	Corcelli's 30 Second Morning Mkt Update $spy $yinn $amzn $vxx $crm $hubs $ge $t $p $msft $aapl $gild $goog $apa $apc
2015-12-31	#WallStreet Breakfast: What's In The Cards For #2016? http://ow.ly/WuBs3 #economy #politics $SPY $IWM $QQQ $DIA $VTI $FB $GE $GOOG $GM
2015-12-31	Google 2016 Outlook: The Changing Face Of TV As We Know It http://seekingalpha.com/article/3784556-google-2016-outlook-the-changing-face-of-tv-as-we-know-it?source=feed_f… $NFLX $TWX $VIA $GOOG $GOOGL
2015-12-31	Understanding Option Skew -- What it is and Why it Exists http://bit.ly/1ms2uqf $SPY $NFLX $FB $GOOG $AMZN
2015-12-31	Nasdaq Loses Its 50-Day Line Again As Big Weightings Slump $AAPL $GOOGL $GOOG $MSFT $TSO http://news.investors.com/investing-stock-market-today/123115-787611-how-are-stocks-doing.htm…
2015-12-31	Top investors' buys during Q3, #leeainslie #Alphabet $GOOG #GOOG http://stks.co/f3YqQ
2015-12-31	10 of top 12 mobile apps are owned by $APPL $FB & $GOOG. There isn’t a “startup” in the Top 25: the youngest company is Snapchat (4 yrs old)
2015-12-31	Why is Day Trading Failure So Common? | Find Out Here: http://bit.ly/1ROffsn $SPY $QQQ $DIA $GOOG $TWTR $GPRO $X
2015-12-31	$AMDA $AEZS $IBIO $AXPW $CYCC $NETE $ATMN $APPL $GOOG $TRXC trying to break 2.50 resistance. Once it does I don't think we see it again.
2015-12-31	My best idea to lose money in 2016 is to buy the FANG stocks and some $SBUX on margin. $AMZN $GOOG $NFLX $FB
2015-12-31	What is it ahead for US Tech Giants? Check what analysts have to say $GOOG $TWTR $AAPL http://cityfalcon.com/watchlists?name=US%20Tech%20Giants…
2015-12-31	Florida surgeon uses Google Cardboard and his iPhone to save a patient $GOOG $AAPL #vr http://ow.ly/WrC4p
2015-12-31	$DGAZ Stock Price Updated Wednesday, December 30, 2015 7:11:03 PM $JNJ $GOOG $HD $XLF http://dlvr.it/D89gXm
